_index,_type,_id,_score,orgid,sub,timestamp,responsecode,responsemessage,transactionstatus,transactiontype,clientapplicationversion,clientipaddress,clientsessionid,clientchannel,membertype,memberrole,messagecount,messagingchannel,messagebody,messageheader,destination,devicedisplayname,deviceid,devicemanufacturer,devicemodel,deviceplatform,deviceplatformversion,devicetype,deviceuseragent,rooted,parentdeviceid,connectiontype,transactionamount,transactionid,transactionreferenceid,executedbysub,coreresponsecode,authorizationlevel,authorizationtransactionid,id,tp_memberusername,tp_memberfirstname,tp_memberlastname,tp_membermiddlename,tp_emailaddress,tp_membernumbertokens,tp_uniqueidentifiertoken,tp_recurringid,tp_day1,tp_day2,tp_fundtransfertype,tp_sourceaccountnumbertoken,tp_sourcemembernumbertoken,tp_destmembernumbertoken,tp_destaccountnumbertoken,tp_amount,tp_memo,tp_destaccounttype,tp_sourceaccounttype,tp_fromaccountregdcount,tp_transactionreferencenumber,tp_paymenttype,tp_iseditable,tp_delete,tp_intrafundtransferrecurringdetail,tp_destaccountnumber,tp_destmembernumber,tp_sourceaccountnumber,tp_sourcemembernumber,tp_endorsementvalue,tp_accountnumbertoken,tp_membernumbertoken,tp_accounttype,tp_ipaddress,tp_deviceid,tp_ad_osversion,tp_ad_deviceid,tp_ad_devicetype,tp_ad_screendimension,tp_ad_devicename,tp_ad_clientchannel,tp_ad_pushnotificationtoken,tp_ad_mobileappversion,tp_ad_os,tp_ad_rooted,tp_ad_platform,tp_ad_useragent,tp_ad_client_version,tp_ad_devicemanufacturer,tp_ad_devicemodel,tp_currency,tp_recipienttokenid,tp_description,tp_paymentrequestid,tp_sendertokenid,tp_individualid,tp_tr_requestid,tp_tr_requeststatus,tp_tr_tokenstatus,tp_tr_tokenid,tp_tr_tokentype,tp_tr_ismatchsucessful,tp_tr_optedoutfromnotification,tp_ts_requestid,tp_ts_requeststatus,tp_ts_tokenstatus,tp_ts_tokenid,tp_ts_tokentype,tp_ts_ismatchsucessful,tp_ts_optedoutfromnotification,tp_ts_accountnumbertoken,tp_ts_membernumbertoken,tp_tr_pp_paymentprofileid,tp_tr_pp_acceptancemode,tp_tr_pp_canreceiverealtimepayment,tp_tr_pp_ignorematchcase,tp_tr_pp_firstname,tp_tr_pp_lastname,tp_tr_pp_status,tp_ts_pp_paymentprofileid,tp_ts_pp_acceptancemode,tp_ts_pp_canreceiverealtimepayment,tp_ts_pp_ignorematchcase,tp_ts_pp_firstname,tp_ts_pp_lastname,tp_ts_pp_status,tp_tr_ac_customerid,tp_tr_ac_orgid,tp_ts_ac_customerid,tp_ts_ac_orgid,tp_frequency,tp_ad_isdcode,tp_ad_lastused,tp_ad_mobilenumber,tp_ad_preauthtoken,tp_ad_simid,tp_ad_status,tp_ad_hardwareid,tp_ad_trusted,tp_ad_updatelastused,tp_ad_md_clientchannel,tp_ad_md_deviceid,tp_ad_md_devicemanufacturer,tp_ad_md_devicemodel,tp_ad_md_devicename,tp_ad_md_devicetype,tp_ad_md_isdcode,tp_ad_md_lastused,tp_ad_md_mobileappversion,tp_ad_md_mobilenumber,tp_ad_md_mobilesdkdata,tp_ad_md_os,tp_ad_md_osversion,tp_ad_md_platform,tp_ad_md_preauthtoken,tp_ad_md_pushnotificationtoken,tp_ad_md_screendimension,tp_ad_md_simid,tp_ad_md_status,tp_ad_md_useragent,tp_ad_md_hardwareid,tp_ad_md_rooted,tp_ad_md_trusted,tp_ad_md_updatelastused,tp_frequencytype,tp_startdate,tp_fundtransferlimittype,tp_firstname,tp_lastname,tp_zellerequesttype,tp_address_line1,tp_address_line2,tp_address_city,tp_address_stateorsubdivisioncode,tp_address_countrycode,tp_address_zipcode,tp_address_isprimary,tp_paymentid_0,tp_limitvalue,tp_enddate,tp_fullname,tp_email,tp_umm_membernumbertoken_0,tp_umm_accountnickname_0,tp_umm_accounttype_0,tp_umm_accountnotoken_0,tp_otheruserinfo,tp_uniqueidentifier,tp_transactioncode,tp_bu_membername,tp_bu_membernumbertoken,tp_bu_accountnumbertoken,tp_bu_accounttype,tp_bu_phonenumber,tp_bu_amount,tp_bu_transactiondate,tp_bu_achnumbertoken,tp_payeename,tp_payeeid,tp_fundingaccounttoken,tp_cancelpayment,tp_deliverymethod,tp_initiateddate,tp_postingdate,tp_overideduplicatepayment,tp_paymentid,tp_paymentamountformatted,tp_phone,tp_tr_accountnumbertoken,tp_tr_membernumbertoken,tp_noofinstallment,tp_achtransferid,tp_recurringdetailid,tp_transactionresponse_status,tp_transactionresponse_required,tp_transactionresponse_returnvalue,tp_transactionresponse_riskscore,tp_transactionresponse_message,tp_billpaytoken,tp_status,tp_transactionstatus,tp_role,transactionparameters,tp_platform,tp_pushnotificationtoken,tp_useragent,tp_os,tp_osversion,tp_devicename,tp_screendimension,tp_mobileappversion,tp_clientchannel,tp_trusted,tp_devicemanufacturer,tp_devicetype,tp_devicemodel,tp_updatelastused,tp_rooted,tp_sub,tp_checknumber,tp_checkrange,tp_cancelreason,tp_source,tp_fullcardnumbertoken,tp_cardnumbertoken,tp_cardholdername,tp_cardtype,tp_maskedcardnumber,tp_cardbin,tp_cardstatus,tp_isfrozen,tp_isrewardsenabled,tp_address,tp_cardnumber,tp_expirydate,tp_subject,tp_message,tp_preferredemail,tp_preferredphone,tp_template,tp_pushnotificationenabled,tp_smsnotificationenabled,tp_emailnotificationenabled,tp_alert,tp_tokenizedkeys,tp_onlineformslug,tp_noofrepeats,tp_details,tp_travellocation,tp_fromdate,tp_todate,tp_electroniccontact,tp_secondaryfirstname,tp_ratealerttitle,tp_ratealertkey,tp_triggertype,tp_triggervalue,tp_additionalparameters,tp_phone_primaryfortype0,tp_phone_international0,tp_phone_previous0,tp_phone_isprimaryfortype0,tp_phone_isinternational0,tp_phone_countrycode0,tp_phone_areacode0,tp_phone_phonenumber0,tp_phone_extension0,tp_phone_phonekey0_individualid,tp_phone_phonekey0_phonetype,tp_phone_phonekey0_sequencetype,tp_phone_markasprevious0,tp_phone_isprevious0,tp_phone_setprimaryfortextbanking0,tp_phone_setvoiceenabled0,tp_phone_requesttype0,tp_phone_primaryfortype1,tp_phone_international1,tp_phone_previous1,tp_phone_isprimaryfortype1,tp_phone_isinternational1,tp_phone_countrycode1,tp_phone_areacode1,tp_phone_phonenumber1,tp_phone_extension1,tp_phone_phonekey1_individualid,tp_phone_phonekey1_phonetype,tp_phone_phonekey1_sequencetype,tp_phone_markasprevious1,tp_phone_isprevious1,tp_phone_setprimaryfortextbanking1,tp_phone_setvoiceenabled1,tp_phone_requesttype1,tp_phone_primaryfortype2,tp_phone_international2,tp_phone_previous2,tp_phone_isprimaryfortype2,tp_phone_isinternational2,tp_phone_countrycode2,tp_phone_areacode2,tp_phone_phonenumber2,tp_phone_extension2,tp_phone_phonekey2_individualid,tp_phone_phonekey2_phonetype,tp_phone_phonekey2_sequencetype,tp_phone_markasprevious2,tp_phone_isprevious2,tp_phone_setprimaryfortextbanking2,tp_phone_setvoiceenabled2,tp_phone_requesttype2,tp_phone_primaryfortype3,tp_phone_international3,tp_phone_previous3,tp_phone_isprimaryfortype3,tp_phone_isinternational3,tp_phone_countrycode3,tp_phone_areacode3,tp_phone_phonenumber3,tp_phone_extension3,tp_phone_phonekey3_individualid,tp_phone_phonekey3_phonetype,tp_phone_phonekey3_sequencetype,tp_phone_markasprevious3,tp_phone_isprevious3,tp_phone_setprimaryfortextbanking3,tp_phone_setvoiceenabled3,tp_phone_requesttype3,tp_phone_primaryfortype4,tp_phone_international4,tp_phone_previous4,tp_phone_isprimaryfortype4,tp_phone_isinternational4,tp_phone_countrycode4,tp_phone_areacode4,tp_phone_phonenumber4,tp_phone_extension4,tp_phone_phonekey4_individualid,tp_phone_phonekey4_phonetype,tp_phone_phonekey4_sequencetype,tp_phone_markasprevious4,tp_phone_isprevious4,tp_phone_setprimaryfortextbanking4,tp_phone_setvoiceenabled4,tp_phone_requesttype4,tp_phone_primaryfortype5,tp_phone_international5,tp_phone_previous5,tp_phone_isprimaryfortype5,tp_phone_isinternational5,tp_phone_countrycode5,tp_phone_areacode5,tp_phone_phonenumber5,tp_phone_extension5,tp_phone_phonekey5_individualid,tp_phone_phonekey5_phonetype,tp_phone_phonekey5_sequencetype,tp_phone_markasprevious5,tp_phone_isprevious5,tp_phone_setprimaryfortextbanking5,tp_phone_setvoiceenabled5,tp_phone_requesttype5,tp_phone_primaryfortype6,tp_phone_international6,tp_phone_previous6,tp_phone_isprimaryfortype6,tp_phone_isinternational6,tp_phone_countrycode6,tp_phone_areacode6,tp_phone_phonenumber6,tp_phone_extension6,tp_phone_phonekey6_individualid,tp_phone_phonekey6_phonetype,tp_phone_phonekey6_sequencetype,tp_phone_markasprevious6,tp_phone_isprevious6,tp_phone_setprimaryfortextbanking6,tp_phone_setvoiceenabled6,tp_phone_requesttype6,tp_phone_primaryfortype7,tp_phone_international7,tp_phone_previous7,tp_phone_isprimaryfortype7,tp_phone_isinternational7,tp_phone_countrycode7,tp_phone_areacode7,tp_phone_phonenumber7,tp_phone_extension7,tp_phone_phonekey7_individualid,tp_phone_phonekey7_phonetype,tp_phone_phonekey7_sequencetype,tp_phone_markasprevious7,tp_phone_isprevious7,tp_phone_setprimaryfortextbanking7,tp_phone_setvoiceenabled7,tp_phone_requesttype7,tp_phone_primaryfortype8,tp_phone_international8,tp_phone_previous8,tp_phone_isprimaryfortype8,tp_phone_isinternational8,tp_phone_countrycode8,tp_phone_areacode8,tp_phone_phonenumber8,tp_phone_extension8,tp_phone_phonekey8_individualid,tp_phone_phonekey8_phonetype,tp_phone_phonekey8_sequencetype,tp_phone_markasprevious8,tp_phone_isprevious8,tp_phone_setprimaryfortextbanking8,tp_phone_setvoiceenabled8,tp_phone_requesttype8,tp_phone_primaryfortype9,tp_phone_international9,tp_phone_previous9,tp_phone_isprimaryfortype9,tp_phone_isinternational9,tp_phone_countrycode9,tp_phone_areacode9,tp_phone_phonenumber9,tp_phone_extension9,tp_phone_phonekey9_individualid,tp_phone_phonekey9_phonetype,tp_phone_phonekey9_sequencetype,tp_phone_markasprevious9,tp_phone_isprevious9,tp_phone_setprimaryfortextbanking9,tp_phone_setvoiceenabled9,tp_phone_requesttype9,tp_phone_primaryfortype10,tp_phone_international10,tp_phone_previous10,tp_phone_isprimaryfortype10,tp_phone_isinternational10,tp_phone_countrycode10,tp_phone_areacode10,tp_phone_phonenumber10,tp_phone_extension10,tp_phone_phonekey10_individualid,tp_phone_phonekey10_phonetype,tp_phone_phonekey10_sequencetype,tp_phone_markasprevious10,tp_phone_isprevious10,tp_phone_setprimaryfortextbanking10,tp_phone_setvoiceenabled10,tp_phone_requesttype10,tp_timezone,tp_blackoutstarttime,tp_blackoutendtime,tp_requesttype,tp_ispushnotificationenabled,tp_issmsnotificationenabled,tp_isemailnotificationenalbed,tp_as_idaccount0,tp_as_featureid0,tp_as_id0,tp_as_accountnumbertoken0,tp_as_accounttype0,tp_as_nickname0,tp_as_disabled0,tp_as_idaccount1,tp_as_featureid1,tp_as_id1,tp_as_accountnumbertoken1,tp_as_accounttype1,tp_as_nickname1,tp_as_disabled1,tp_as_idaccount2,tp_as_featureid2,tp_as_id2,tp_as_accountnumbertoken2,tp_as_accounttype2,tp_as_nickname2,tp_as_disabled2,tp_cutofftimemillseconds,tp_payeetype,tp_payeenickname,tp_phonenumber,tp_leaddays,tp_payeeaccountnumber,tp_defaultfundingaccountidtoken,tp_isrushoptionavailable
u4ia_log,Transaction,r6-5f_smT2yMQ3m5AWNhzw,0.0,STARONE,79b77626_c9d9_4b50_b665_6e36adf3234b,1620207377549,0,,SUCCESS,BANKING_POST_FUND_TRANSFER,,,,BROWSER,RETAIL,,0,,,,,,,,,WEB,,,,False,,,0.0,2751F,2751F,,,,,,,,,,,,,0.0,0.0,0.0,,cFBLMVRzTWN2cjhiVEw2MFNaRjZKUT09,UEcwMWFYeWxDZ0lWNWo5TmcxVFB1QT09,NHlmQ2R5dmIwMTEyOG1VeDdua0Vndz09,cFBLMVRzTWN2cjhiVEw2MFNaRjZKUT09,20.0,Sched Xfer 05/05/2021 02:00:01,Regular Deposit,Regular Deposit,N/A,2751F,DEFAULT,False,False,[],,,,,,,,,,,,,,,,,,,,,,,,,,,,,,,,,,,,,,,,,,,,,,,,,,,,,,,,,,,,,,,,,,,,,,,,,,,,,,,,,,,,,,,,,,,,,,,,,,,,,,,,,,,,,,,,,,,,,,,,,,,,,,,,,,,,,,,,,,,,,,,,,,,,,,,,,,,,,,,,,,,,,,,,,,,,,,,,,,,,,,,,,,,,,,,,,,,,,,,,,,,,,,,,,,,,,,,,,,,,,,,,,,,,,,,,,,,,,,,,,,,,,,,,,,,,,,,,,,,,,,,,,,,,,,,,,,,,,,,,,,,,,,,,,,,,,,,,,,,,,,,,,,,,,,,,,,,,,,,,,,,,,,,,,,,,,,,,,,,,,,,,,,,,,,,,,,,,,,,,,,,,,,,,,,,,,,,,,,,,,,,,,,,,,,,,,,,,,,,,,,,,,,,,,,,,,,,,,,,,,,,,,,,,,,,,,,,,
u4ia_log,Transaction,EeZqrWvGQ02Y-rM4c1wKkw,0.0,STARONE,edc054a2_fc38_4d40_be1e_73a078a15089,1620207397071,0,,SUCCESS,BANKING_POST_FUND_TRANSFER,,,,BROWSER,RETAIL,,0,,,,,,,,,WEB,,,,False,,,0.0,05509,05509,,,,,,,,,,,,,0.0,0.0,0.0,,ZTRMdWtIRUNBU0I3TUhuRm5QSmM3QT09,ZjhyZFpBN1N5UlRCaW5zalRqSk9vQT09,ZjhyZFpBN1N5UlRCaW5zalRqSk9vQT09,cFBLMVRzTWN2cjhiVEw2MFNaRjZKUT09,601.0,Sched Xfer 05/05/2021 02:00:01 MEMO: Periodic Expenses,Regular Deposit,Share Draft,N/A,05509,DEFAULT,False,False,[],,,,,,,,,,,,,,,,,,,,,,,,,,,,,,,,,,,,,,,,,,,,,,,,,,,,,,,,,,,,,,,,,,,,,,,,,,,,,,,,,,,,,,,,,,,,,,,,,,,,,,,,,,,,,,,,,,,,,,,,,,,,,,,,,,,,,,,,,,,,,,,,,,,,,,,,,,,,,,,,,,,,,,,,,,,,,,,,,,,,,,,,,,,,,,,,,,,,,,,,,,,,,,,,,,,,,,,,,,,,,,,,,,,,,,,,,,,,,,,,,,,,,,,,,,,,,,,,,,,,,,,,,,,,,,,,,,,,,,,,,,,,,,,,,,,,,,,,,,,,,,,,,,,,,,,,,,,,,,,,,,,,,,,,,,,,,,,,,,,,,,,,,,,,,,,,,,,,,,,,,,,,,,,,,,,,,,,,,,,,,,,,,,,,,,,,,,,,,,,,,,,,,,,,,,,,,,,,,,,,,,,,,,,,,,,,,,,,
u4ia_log,Transaction,V-NCyoP1TLqIrYXlQatJNA,0.0,STARONE,8a362fc8_5247_4569_9bb1_23a326251ac0,1620207400669,0,A request to retrieve account history information  was attempted by an individual with the User ID = ******es for the account with member number = *****0040 and account = 1. Status: SUCCESS,SUCCESS,BANKING_GET_BANKING_TRANSACTIONS,9.1.0.236,64.41.181.79,dd96e61e2401470f8d8d80e7e1ac3d20,BROWSER,RETAIL,MEMBER,0,,,,,N/A,9Y4ekBjdhwYmGKHgcgRsuVZwRxbPLkxGSaF/CaBP/h8=,Linux,,WEB,N/A,COMPUTER,"Mozilla/5.0 (X11; Linux x86_64) AppleWebKit/537.36 (KHTML, like Gecko) Chrome/43.0.2357.125 Safari/537.36",False,,,0.0,,,,,,,,R0k5UE5WMlNoRmdLVnl3NXJhVE5mZz09,MG93UlY1VktNSFpNbGRiZmNQUzFudz09,cGdKZnFuZXVkSzlld0JrVEJnRFNUdz09,bFlLb3NNUlZBNUVyaWk0ck9jUHpadz09,ejQ5cEh4WVRvVnJkQ1VQSGFxNGQyTHVwazRRQjZ0Y1NyM1VodUZsWFlWND0=,MjhJVUNnT2gwbUtaNklNd1p1R3JEdz09,SVhWZ1Frd04zVXkzM2NuWkVGOVl4Zz09,,,,,,,,,,,,,,,,,,,,,,,,,,,,,,,,,,,,,,,,,,,,,,,,,,,,,,,,,,,,,,,,,,,,,,,,,,,,,,,,,,,,,,,,,,,,,,,,,,,,,,,,,,,,,,,,,,,,,,,,,,,,,,,,,,,,,,,,,,,,,,,,,,,,,,,,,,,,,,,,,,,,,,,,,,,,,,,,,,,,,,,,,,,,,,,,,,,,,,,,,,,,,,,,,,,,,,,,,,,,,,,,,,,,,,,,,,,,,,,,,,,,,,,,,,,,,,,,,,,,,,,,,,,,,,,,,,,,,,,,,,,,,,,,,,,,,,,,,,,,,,,,,,,,,,,,,,,,,,,,,,,,,,,,,,,,,,,,,,,,,,,,,,,,,,,,,,,,,,,,,,,,,,,,,,,,,,,,,,,,,,,,,,,,,,,,,,,,,,,,,,,,,,,,,,,,,,,,,,,,,,,,,,,,,,,,,,,,,,,,,,,,,,,,,,,,,,
u4ia_log,Transaction,oAhGX7PlQX-k6NFPfVOF5Q,0.0,STARONE,8a362fc8_5247_4569_9bb1_23a326251ac0,1620207405174,0,A request to retrieve account history information  was attempted by an individual with the User ID = ******es for the account with member number = *****0040 and account = 1. Status: SUCCESS,SUCCESS,BANKING_GET_BANKING_TRANSACTIONS,9.1.0.236,64.41.181.79,dd96e61e2401470f8d8d80e7e1ac3d20,BROWSER,RETAIL,MEMBER,0,,,,,N/A,9Y4ekBjdhwYmGKHgcgRsuVZwRxbPLkxGSaF/CaBP/h8=,Linux,,WEB,N/A,COMPUTER,"Mozilla/5.0 (X11; Linux x86_64) AppleWebKit/537.36 (KHTML, like Gecko) Chrome/43.0.2357.125 Safari/537.36",False,,,0.0,,,,,,,,R0k5UE5WMlNoRmdLVnl3NXJhVE5mZz09,MG93UlY1VktNSFpNbGRiZmNQUzFudz09,cGdKZnFuZXVkSzlld0JrVEJnRFNUdz09,bFlLb3NNUlZBNUVyaWk0ck9jUHpadz09,ejQ5cEh4WVRvVnJkQ1VQSGFxNGQyTHVwazRRQjZ0Y1NyM1VodUZsWFlWND0=,MjhJVUNnT2gwbUtaNklNd1p1R3JEdz09,SVhWZ1Frd04zVXkzM2NuWkVGOVl4Zz09,,,,,,,,,,,,,,,,,,,,,,,,,,,,,,,,,,,,,,,,,,,,,,,,,,,,,,,,,,,,,,,,,,,,,,,,,,,,,,,,,,,,,,,,,,,,,,,,,,,,,,,,,,,,,,,,,,,,,,,,,,,,,,,,,,,,,,,,,,,,,,,,,,,,,,,,,,,,,,,,,,,,,,,,,,,,,,,,,,,,,,,,,,,,,,,,,,,,,,,,,,,,,,,,,,,,,,,,,,,,,,,,,,,,,,,,,,,,,,,,,,,,,,,,,,,,,,,,,,,,,,,,,,,,,,,,,,,,,,,,,,,,,,,,,,,,,,,,,,,,,,,,,,,,,,,,,,,,,,,,,,,,,,,,,,,,,,,,,,,,,,,,,,,,,,,,,,,,,,,,,,,,,,,,,,,,,,,,,,,,,,,,,,,,,,,,,,,,,,,,,,,,,,,,,,,,,,,,,,,,,,,,,,,,,,,,,,,,,,,,,,,,,,,,,,,,,,
u4ia_log,Transaction,mmCQQ_OCQWOIa8KydrRkpg,0.0,STARONE,3db4ad13_6b0f_4f1d_a592_196e1b519adc,1620207409126,11005,,SUCCESS,Authentication_PWD,9.2.311,24.7.27.141,ac166433859049cc9fcea3a5ff21a9f5,MOBILE_APP,RETAIL,,0,,,,,iPhone 6S,lqUD9hsgBceVx8pKadAZv8zQO/xw5D8BrSWX7NL1qxRYfqK2aS3MpoSBIx4ceUx8,,"iPhone8,1",IOS,14.4.2,PHONE,"Mozilla/5.0 (iPhone; CPU iPhone OS 14_4_2 like Mac OS X) AppleWebKit/605.1.15 (KHTML, like Gecko) Mobile/15E148",,,,0.0,,,,,,,,Rkk2TWJqRjJyMXR5dUZpN2FFVEFlZz09,NWgwSWMzcy9TTnErK1dUMkI3emhXdz09,NkF1Y3E5RXQxN3NVT1FuaGRiaEtVQT09,azI0d1U0MUFyeUVRZ1FjaGJzUXpzdz09,bWJwdllsWDFGbXMrU3laRU9JVndiMGVkSEhPOHZlZHk1RmtQV2ZrZlExYz0=,,,,,,,,,,,,,,,,,,,,,,,,,,,,,,,,,,,,,,,,,,,,,,,,,,,,,,,,,,,,,,,,,,,,,,,,,,,,,,,,,,,,,,,,,,,,,,,,,,,,,,,,,,,,,,,,,,,,,,,,,,,,,,,,,,,,,,,,,,,,,,,,,,,,,,,,,,,,,,,,,,,,,,,,,,,,,,,,,MEMBER,,,,,,,,,,,,,,,,,,,,,,,,,,,,,,,,,,,,,,,,,,,,,,,,,,,,,,,,,,,,,,,,,,,,,,,,,,,,,,,,,,,,,,,,,,,,,,,,,,,,,,,,,,,,,,,,,,,,,,,,,,,,,,,,,,,,,,,,,,,,,,,,,,,,,,,,,,,,,,,,,,,,,,,,,,,,,,,,,,,,,,,,,,,,,,,,,,,,,,,,,,,,,,,,,,,,,,,,,,,,,,,,,,,,,,,,,,,,,,,,,,,,,,,,,,,,,,,,,,,,,,,,,,,,,,,,,,,,,,,
u4ia_log,Transaction,GC9HDbYfSlCsfev1KXA97w,0.0,STARONE,3db4ad13_6b0f_4f1d_a592_196e1b519adc,1620207409179,11005,,SUCCESS,Login,9.2.311,24.7.27.141,ac166433859049cc9fcea3a5ff21a9f5,MOBILE_APP,RETAIL,,0,,,,,iPhone 6S,lqUD9hsgBceVx8pKadAZv8zQO/xw5D8BrSWX7NL1qxRYfqK2aS3MpoSBIx4ceUx8,,"iPhone8,1",IOS,14.4.2,PHONE,"Mozilla/5.0 (iPhone; CPU iPhone OS 14_4_2 like Mac OS X) AppleWebKit/605.1.15 (KHTML, like Gecko) Mobile/15E148",,,,0.0,,,,,,,,Rkk2TWJqRjJyMXR5dUZpN2FFVEFlZz09,NWgwSWMzcy9TTnErK1dUMkI3emhXdz09,NkF1Y3E5RXQxN3NVT1FuaGRiaEtVQT09,azI0d1U0MUFyeUVRZ1FjaGJzUXpzdz09,bWJwdllsWDFGbXMrU3laRU9JVndiMGVkSEhPOHZlZHk1RmtQV2ZrZlExYz0=,,,,,,,,,,,,,,,,,,,,,,,,,,,,,,,,,,,,,,,,,,,,,,,,,,,,,,,,,,,,,,,,,,,,,,,,,,,,,,,,,,,,,,,,,,,,,,,,,,,,,,,,,,,,,,,,,,,,,,,,,,,,,,,,,,,,,,,,,,,,,,,,,,,,,,,,,,,,,,,,,,,,,,,,,,,,,,,,,MEMBER,,,,,,,,,,,,,,,,,,,,,,,,,,,,,,,,,,,,,,,,,,,,,,,,,,,,,,,,,,,,,,,,,,,,,,,,,,,,,,,,,,,,,,,,,,,,,,,,,,,,,,,,,,,,,,,,,,,,,,,,,,,,,,,,,,,,,,,,,,,,,,,,,,,,,,,,,,,,,,,,,,,,,,,,,,,,,,,,,,,,,,,,,,,,,,,,,,,,,,,,,,,,,,,,,,,,,,,,,,,,,,,,,,,,,,,,,,,,,,,,,,,,,,,,,,,,,,,,,,,,,,,,,,,,,,,,,,,,,,,
u4ia_log,Transaction,h7EAR7EPRQa0_IizZDyx5w,0.0,STARONE,9a244b86_041b_4b69_9fda_145aa83fac28,1620207411572,0,,SUCCESS,BANKING_POST_FUND_TRANSFER,,,,BROWSER,RETAIL,,0,,,,,,,,,WEB,,,,False,,,0.0,A617F,A617F,,,,,,,,,,,,,0.0,0.0,0.0,,ZTRMdWtIRUNBU0I3TUhuRm5QSmM3QT09,Uy9pWlBaWFZwQXZBNE82R1p0TERLUT09,Uy9pWlBaWFZwQXZBNE82R1p0TERLUT09,WGNPOEhpOGkydmp6Tm9yK01HNFIyQT09,700.0,Sched Xfer 05/05/2021 02:00:01,Line Of Credit,Share Draft,N/A,A617F,DEFAULT,False,False,[],,,,,,,,,,,,,,,,,,,,,,,,,,,,,,,,,,,,,,,,,,,,,,,,,,,,,,,,,,,,,,,,,,,,,,,,,,,,,,,,,,,,,,,,,,,,,,,,,,,,,,,,,,,,,,,,,,,,,,,,,,,,,,,,,,,,,,,,,,,,,,,,,,,,,,,,,,,,,,,,,,,,,,,,,,,,,,,,,,,,,,,,,,,,,,,,,,,,,,,,,,,,,,,,,,,,,,,,,,,,,,,,,,,,,,,,,,,,,,,,,,,,,,,,,,,,,,,,,,,,,,,,,,,,,,,,,,,,,,,,,,,,,,,,,,,,,,,,,,,,,,,,,,,,,,,,,,,,,,,,,,,,,,,,,,,,,,,,,,,,,,,,,,,,,,,,,,,,,,,,,,,,,,,,,,,,,,,,,,,,,,,,,,,,,,,,,,,,,,,,,,,,,,,,,,,,,,,,,,,,,,,,,,,,,,,,,,,,
u4ia_log,Transaction,My3HmF7dQQ6GF1xnAfYzkQ,0.0,STARONE,3db4ad13_6b0f_4f1d_a592_196e1b519adc,1620207414442,0,Access device has been added.,SUCCESS,BANKING_ADD_ACCESS_DEVICE,9.2.311,24.7.27.141,ac166433859049cc9fcea3a5ff21a9f5,MOBILE_APP,RETAIL,MEMBER,0,,,,,iPhone 6S,lqUD9hsgBceVx8pKadAZv8zQO/xw5D8BrSWX7NL1qxRYfqK2aS3MpoSBIx4ceUx8,APPLE,"iPhone8,1",IOS,14.4.2,PHONE,"Mozilla/5.0 (iPhone; CPU iPhone OS 14_4_2 like Mac OS X) AppleWebKit/605.1.15 (KHTML, like Gecko) Mobile/15E148",False,,,0.0,,,,,,,,Rkk2TWJqRjJyMXR5dUZpN2FFVEFlZz09,NWgwSWMzcy9TTnErK1dUMkI3emhXdz09,NkF1Y3E5RXQxN3NVT1FuaGRiaEtVQT09,bFlLb3NNUlZBNUVyaWk0ck9jUHpadz09,bWJwdllsWDFGbXMrU3laRU9JVndiMGVkSEhPOHZlZHk1RmtQV2ZrZlExYz0=,WFRCaUlQNlBiMkVWM0xaWjFWMjJtQT09,T0NOREdpVGhydFlnSmhpOUhOVG5Kdz09,,,,,,,,,,,,,,,,,,,,,,,,,,,,lqUD9hsgBceVx8pKadAZv8zQO/xw5D8BrSWX7NL1qxRYfqK2aS3MpoSBIx4ceUx8,,,,,,,,,,,,,,,,,,,,,,,,,,,,,,,,,,,,,,,,,,,,,,,,,,,,,,,,,,,,,,,,,,,,,,,,,,,,,,,,,,,,,,,,,,,,,,,,,,,,,,,,,,,,,,,,,,,,,,,,,,,,,,,,,,,,,,,,,,,,,,,,,ENABLED,,,,IOS,DF40CF82C3725B8237A32AAAAF426CFA2C035D7518D8DDF8D75425E743A4E725,"Mozilla/5.0 (iPhone; CPU iPhone OS 14_4_2 like Mac OS X) AppleWebKit/605.1.15 (KHTML, like Gecko) Mobile/15E148",iOS,14.4.2,iPhone 6S,375x667,9.2.311,MOBILE_APP,True,APPLE,PHONE,"iPhone8,1",False,False,,,,,,,,,,,,,,,,,,,,,,,,,,,,,,,,,,,,,,,,,,,,,,,,,,,,,,,,,,,,,,,,,,,,,,,,,,,,,,,,,,,,,,,,,,,,,,,,,,,,,,,,,,,,,,,,,,,,,,,,,,,,,,,,,,,,,,,,,,,,,,,,,,,,,,,,,,,,,,,,,,,,,,,,,,,,,,,,,,,,,,,,,,,,,,,,,,,,,,,,,,,,,,,,,,,,,,,,,,,,,,,,,,,,,,,,,,,,,,,,,,,,,,,,,,,,,,,,,,,,,,,
u4ia_log,Transaction,_SrdaNdjTJubBOzQFN1B9A,0.0,STARONE,6c6ce7ab_d768_4cab_8656_db35d551e1a1,1620207432356,0,,SUCCESS,BANKING_POST_FUND_TRANSFER,,,,BROWSER,RETAIL,,0,,,,,,,,,WEB,,,,False,,,0.0,15143,15143,,,,,,,,,,,,,0.0,0.0,0.0,,cFBLMVRzTWN2cjhiVEw2MFNaRjZKUT09,ZGs1aEdSVHN2RklJVm5Eck5acVJ5QT09,T1dCZkxtRjVHQitDSUxuWS9aelplQT09,TFEzR2NBajVXNk5HWnV0TmFQNDRnZz09,6789.53,Sched Xfer 05/05/2021 02:00:01,Credit Card,Regular Deposit,N/A,15143,DEFAULT,False,False,[],,,,,,,,,,,,,,,,,,,,,,,,,,,,,,,,,,,,,,,,,,,,,,,,,,,,,,,,,,,,,,,,,,,,,,,,,,,,,,,,,,,,,,,,,,,,,,,,,,,,,,,,,,,,,,,,,,,,,,,,,,,,,,,,,,,,,,,,,,,,,,,,,,,,,,,,,,,,,,,,,,,,,,,,,,,,,,,,,,,,,,,,,,,,,,,,,,,,,,,,,,,,,,,,,,,,,,,,,,,,,,,,,,,,,,,,,,,,,,,,,,,,,,,,,,,,,,,,,,,,,,,,,,,,,,,,,,,,,,,,,,,,,,,,,,,,,,,,,,,,,,,,,,,,,,,,,,,,,,,,,,,,,,,,,,,,,,,,,,,,,,,,,,,,,,,,,,,,,,,,,,,,,,,,,,,,,,,,,,,,,,,,,,,,,,,,,,,,,,,,,,,,,,,,,,,,,,,,,,,,,,,,,,,,,,,,,,,,
u4ia_log,Transaction,lTThOofGQxmwL-G2uR-T6Q,0.0,STARONE,482f766a_e36a_47d5_ba2c_5bbf01744022,1620207440314,0,,SUCCESS,BANKING_POST_FUND_TRANSFER,,,,BROWSER,RETAIL,,0,,,,,,,,,WEB,,,,False,,,0.0,8A7C0,8A7C0,,,,,,,,,,,,,0.0,0.0,0.0,,ZTRMdWtIRUNBU0I3TUhuRm5QSmM3QT09,dXp0RUhSUFdySVl0L21sOVorenhzdz09,dXp0RUhSUFdySVl0L21sOVorenhzdz09,dFV5QUhJN2JRNUxyaWhTbUx6b1BhZz09,780.0,Sched Xfer 05/05/2021 02:00:01,Regular Loan,Share Draft,N/A,8A7C0,DEFAULT,False,False,[],,,,,,,,,,,,,,,,,,,,,,,,,,,,,,,,,,,,,,,,,,,,,,,,,,,,,,,,,,,,,,,,,,,,,,,,,,,,,,,,,,,,,,,,,,,,,,,,,,,,,,,,,,,,,,,,,,,,,,,,,,,,,,,,,,,,,,,,,,,,,,,,,,,,,,,,,,,,,,,,,,,,,,,,,,,,,,,,,,,,,,,,,,,,,,,,,,,,,,,,,,,,,,,,,,,,,,,,,,,,,,,,,,,,,,,,,,,,,,,,,,,,,,,,,,,,,,,,,,,,,,,,,,,,,,,,,,,,,,,,,,,,,,,,,,,,,,,,,,,,,,,,,,,,,,,,,,,,,,,,,,,,,,,,,,,,,,,,,,,,,,,,,,,,,,,,,,,,,,,,,,,,,,,,,,,,,,,,,,,,,,,,,,,,,,,,,,,,,,,,,,,,,,,,,,,,,,,,,,,,,,,,,,,,,,,,,,,,
u4ia_log,Transaction,E5brrsL6QyKSA7YYJO9sFg,0.0,STARONE,578cec5f_3ee1_4420_9a77_9f165b32036e,1620207443287,0,,SUCCESS,BANKING_POST_FUND_TRANSFER,,,,BROWSER,RETAIL,,0,,,,,,,,,WEB,,,,False,,,0.0,C5EA4,C5EA4,,,,,,,,,,,,,0.0,0.0,0.0,,ZTRMdWtIRUNBU0I3TUhuRm5QSmM3QT09,Vi9PbmFSMFlWRm55L1N6V1JEY2IvUT09,Vi9PbmFSMFlWRm55L1N6V1JEY2IvUT09,OUZkL1pmYjhzUHR3NzVlRy9XVzh2dz09,831.03,Sched Xfer 05/05/2021 02:00:01,Regular Loan,Share Draft,N/A,C5EA4,DEFAULT,False,False,[],,,,,,,,,,,,,,,,,,,,,,,,,,,,,,,,,,,,,,,,,,,,,,,,,,,,,,,,,,,,,,,,,,,,,,,,,,,,,,,,,,,,,,,,,,,,,,,,,,,,,,,,,,,,,,,,,,,,,,,,,,,,,,,,,,,,,,,,,,,,,,,,,,,,,,,,,,,,,,,,,,,,,,,,,,,,,,,,,,,,,,,,,,,,,,,,,,,,,,,,,,,,,,,,,,,,,,,,,,,,,,,,,,,,,,,,,,,,,,,,,,,,,,,,,,,,,,,,,,,,,,,,,,,,,,,,,,,,,,,,,,,,,,,,,,,,,,,,,,,,,,,,,,,,,,,,,,,,,,,,,,,,,,,,,,,,,,,,,,,,,,,,,,,,,,,,,,,,,,,,,,,,,,,,,,,,,,,,,,,,,,,,,,,,,,,,,,,,,,,,,,,,,,,,,,,,,,,,,,,,,,,,,,,,,,,,,,,,
u4ia_log,Transaction,RSdsyXh-QCyUkZg0kKjwPA,0.0,STARONE,6a4fb469_b056_4ff0_8e03_8116d6b58ded,1620207450756,0,,SUCCESS,BANKING_POST_FUND_TRANSFER,,,,BROWSER,RETAIL,,0,,,,,,,,,WEB,,,,False,,,0.0,B9AD3,B9AD3,,,,,,,,,,,,,0.0,0.0,0.0,,aUdKQlpERWZTMVF6NWFzemNkVVpYZz09,Tks1TlNVYUxoTTRyRUQvWUVxSlhwZz09,Tks1TlNVYUxoTTRyRUQvWUVxSlhwZz09,eXBTTlNsVEJpcWVoUFBIVzNiRGtJUT09,250.0,Sched Xfer 05/05/2021 02:00:01,Regular Deposit,Regular Deposit,N/A,B9AD3,DEFAULT,False,False,[],,,,,,,,,,,,,,,,,,,,,,,,,,,,,,,,,,,,,,,,,,,,,,,,,,,,,,,,,,,,,,,,,,,,,,,,,,,,,,,,,,,,,,,,,,,,,,,,,,,,,,,,,,,,,,,,,,,,,,,,,,,,,,,,,,,,,,,,,,,,,,,,,,,,,,,,,,,,,,,,,,,,,,,,,,,,,,,,,,,,,,,,,,,,,,,,,,,,,,,,,,,,,,,,,,,,,,,,,,,,,,,,,,,,,,,,,,,,,,,,,,,,,,,,,,,,,,,,,,,,,,,,,,,,,,,,,,,,,,,,,,,,,,,,,,,,,,,,,,,,,,,,,,,,,,,,,,,,,,,,,,,,,,,,,,,,,,,,,,,,,,,,,,,,,,,,,,,,,,,,,,,,,,,,,,,,,,,,,,,,,,,,,,,,,,,,,,,,,,,,,,,,,,,,,,,,,,,,,,,,,,,,,,,,,,,,,,,,
u4ia_log,Transaction,4rpNpKCyS5SX4SEFbhbTDA,0.0,STARONE,79f260e6_a5ab_47db_9b54_b0c9743d32cd,1620207453039,0,,SUCCESS,BANKING_POST_FUND_TRANSFER,,,,BROWSER,RETAIL,,0,,,,,,,,,WEB,,,,False,,,0.0,A97AA,A97AA,,,,,,,,,,,,,0.0,0.0,0.0,,cFBLMVRzTWN2cjhiVEw2MFNaRjZKUT09,MWVSKzlENG9aNEljbFRNZTcvc2lvZz09,MWVSKzlENG9aNEljbFRNZTcvc2lvZz09,ZTRMdWtIRUNBU0I3TUhuRm5QSmM3QT09,5000.0,Sched Xfer 05/05/2021 02:00:01,Share Draft,Regular Deposit,N/A,A97AA,DEFAULT,False,False,[],,,,,,,,,,,,,,,,,,,,,,,,,,,,,,,,,,,,,,,,,,,,,,,,,,,,,,,,,,,,,,,,,,,,,,,,,,,,,,,,,,,,,,,,,,,,,,,,,,,,,,,,,,,,,,,,,,,,,,,,,,,,,,,,,,,,,,,,,,,,,,,,,,,,,,,,,,,,,,,,,,,,,,,,,,,,,,,,,,,,,,,,,,,,,,,,,,,,,,,,,,,,,,,,,,,,,,,,,,,,,,,,,,,,,,,,,,,,,,,,,,,,,,,,,,,,,,,,,,,,,,,,,,,,,,,,,,,,,,,,,,,,,,,,,,,,,,,,,,,,,,,,,,,,,,,,,,,,,,,,,,,,,,,,,,,,,,,,,,,,,,,,,,,,,,,,,,,,,,,,,,,,,,,,,,,,,,,,,,,,,,,,,,,,,,,,,,,,,,,,,,,,,,,,,,,,,,,,,,,,,,,,,,,,,,,,,,,,
u4ia_log,Transaction,CJUg8Q-oSN6D5jUA7x57tw,0.0,STARONE,4ad39e62_e1eb_46db_8729_1fe1609118e8,1620207455709,0,,SUCCESS,BANKING_POST_FUND_TRANSFER,,,,BROWSER,RETAIL,,0,,,,,,,,,WEB,,,,False,,,0.0,F27FC,F27FC,,,,,,,,,,,,,0.0,0.0,0.0,,cFBLMVRzTWN2cjhiVEw2MFNaRjZKUT09,UUI4MDRHdmh1dDRzcVdldzBHLzdSZz09,UUI4MDRHdmh1dDRzcVdldzBHLzdSZz09,d0xQWFRzdDdqZnhsK0w4VmNEbTYwQT09,696.61,Sched Xfer 05/05/2021 02:00:01,CNOM Loan,Regular Deposit,N/A,F27FC,DEFAULT,False,False,[],,,,,,,,,,,,,,,,,,,,,,,,,,,,,,,,,,,,,,,,,,,,,,,,,,,,,,,,,,,,,,,,,,,,,,,,,,,,,,,,,,,,,,,,,,,,,,,,,,,,,,,,,,,,,,,,,,,,,,,,,,,,,,,,,,,,,,,,,,,,,,,,,,,,,,,,,,,,,,,,,,,,,,,,,,,,,,,,,,,,,,,,,,,,,,,,,,,,,,,,,,,,,,,,,,,,,,,,,,,,,,,,,,,,,,,,,,,,,,,,,,,,,,,,,,,,,,,,,,,,,,,,,,,,,,,,,,,,,,,,,,,,,,,,,,,,,,,,,,,,,,,,,,,,,,,,,,,,,,,,,,,,,,,,,,,,,,,,,,,,,,,,,,,,,,,,,,,,,,,,,,,,,,,,,,,,,,,,,,,,,,,,,,,,,,,,,,,,,,,,,,,,,,,,,,,,,,,,,,,,,,,,,,,,,,,,,,,,
u4ia_log,Transaction,qPKqblTqSGSpWCQqwtNUYg,0.0,STARONE,2eb570a3_5789_422f_9e99_c475b771f1f0,1620207467611,0,,SUCCESS,BANKING_POST_FUND_TRANSFER,,,,BROWSER,RETAIL,,0,,,,,,,,,WEB,,,,False,,,0.0,3B639,3B639,,,,,,,,,,,,,0.0,0.0,0.0,,ZTRMdWtIRUNBU0I3TUhuRm5QSmM3QT09,Q1VoTFd4alB6Sks4cHVWay9LN0JPZz09,Q1VoTFd4alB6Sks4cHVWay9LN0JPZz09,cEpwZGM5SHA5UitqM1BsU0JDZUNyQT09,250.0,Sched Xfer 05/05/2021 02:00:01,Credit Card,Share Draft,N/A,3B639,DEFAULT,False,False,[],,,,,,,,,,,,,,,,,,,,,,,,,,,,,,,,,,,,,,,,,,,,,,,,,,,,,,,,,,,,,,,,,,,,,,,,,,,,,,,,,,,,,,,,,,,,,,,,,,,,,,,,,,,,,,,,,,,,,,,,,,,,,,,,,,,,,,,,,,,,,,,,,,,,,,,,,,,,,,,,,,,,,,,,,,,,,,,,,,,,,,,,,,,,,,,,,,,,,,,,,,,,,,,,,,,,,,,,,,,,,,,,,,,,,,,,,,,,,,,,,,,,,,,,,,,,,,,,,,,,,,,,,,,,,,,,,,,,,,,,,,,,,,,,,,,,,,,,,,,,,,,,,,,,,,,,,,,,,,,,,,,,,,,,,,,,,,,,,,,,,,,,,,,,,,,,,,,,,,,,,,,,,,,,,,,,,,,,,,,,,,,,,,,,,,,,,,,,,,,,,,,,,,,,,,,,,,,,,,,,,,,,,,,,,,,,,,,,
u4ia_log,Transaction,HyRAroxSTNihosVQjlUXkQ,0.0,STARONE,c458d4f1_4604_4d29_85a4_36d92b68d6c0,1620207477616,0,,SUCCESS,BANKING_POST_FUND_TRANSFER,,,,BROWSER,RETAIL,,0,,,,,,,,,WEB,,,,False,,,0.0,8045F,8045F,,,,,,,,,,,,,0.0,0.0,0.0,,ZTRMdWtIRUNBU0I3TUhuRm5QSmM3QT09,czVEV0dwNnJjUU9BNkxZVFJQUVR3Zz09,NUZBRDBNcUJrT2krUkEyanpDSEVCQT09,cFBLMVRzTWN2cjhiVEw2MFNaRjZKUT09,20.0,Sched Xfer 05/05/2021 02:00:01,Regular Deposit,Share Draft,N/A,8045F,DEFAULT,False,False,[],,,,,,,,,,,,,,,,,,,,,,,,,,,,,,,,,,,,,,,,,,,,,,,,,,,,,,,,,,,,,,,,,,,,,,,,,,,,,,,,,,,,,,,,,,,,,,,,,,,,,,,,,,,,,,,,,,,,,,,,,,,,,,,,,,,,,,,,,,,,,,,,,,,,,,,,,,,,,,,,,,,,,,,,,,,,,,,,,,,,,,,,,,,,,,,,,,,,,,,,,,,,,,,,,,,,,,,,,,,,,,,,,,,,,,,,,,,,,,,,,,,,,,,,,,,,,,,,,,,,,,,,,,,,,,,,,,,,,,,,,,,,,,,,,,,,,,,,,,,,,,,,,,,,,,,,,,,,,,,,,,,,,,,,,,,,,,,,,,,,,,,,,,,,,,,,,,,,,,,,,,,,,,,,,,,,,,,,,,,,,,,,,,,,,,,,,,,,,,,,,,,,,,,,,,,,,,,,,,,,,,,,,,,,,,,,,,,,
u4ia_log,Transaction,HHW299TZT6awJNhun2D1uA,0.0,STARONE,794b8651_a3ee_4b5d_9de7_27612f2ca342,1620207485249,0,,SUCCESS,BANKING_POST_FUND_TRANSFER,,,,BROWSER,RETAIL,,0,,,,,,,,,WEB,,,,False,,,0.0,DC032,DC032,,,,,,,,,,,,,0.0,0.0,0.0,,ZTRMdWtIRUNBU0I3TUhuRm5QSmM3QT09,K1k3NHZGQVg3bTQyODRSYkRBU2QzUT09,bmp2eE1SNEpCbjF5enkwY1pYWmJ2UT09,cFBLMVRzTWN2cjhiVEw2MFNaRjZKUT09,2500.0,Sched Xfer 05/05/2021 02:00:01 MEMO: Expenses,Regular Deposit,Share Draft,N/A,DC032,DEFAULT,False,False,[],,,,,,,,,,,,,,,,,,,,,,,,,,,,,,,,,,,,,,,,,,,,,,,,,,,,,,,,,,,,,,,,,,,,,,,,,,,,,,,,,,,,,,,,,,,,,,,,,,,,,,,,,,,,,,,,,,,,,,,,,,,,,,,,,,,,,,,,,,,,,,,,,,,,,,,,,,,,,,,,,,,,,,,,,,,,,,,,,,,,,,,,,,,,,,,,,,,,,,,,,,,,,,,,,,,,,,,,,,,,,,,,,,,,,,,,,,,,,,,,,,,,,,,,,,,,,,,,,,,,,,,,,,,,,,,,,,,,,,,,,,,,,,,,,,,,,,,,,,,,,,,,,,,,,,,,,,,,,,,,,,,,,,,,,,,,,,,,,,,,,,,,,,,,,,,,,,,,,,,,,,,,,,,,,,,,,,,,,,,,,,,,,,,,,,,,,,,,,,,,,,,,,,,,,,,,,,,,,,,,,,,,,,,,,,,,,,,,
u4ia_log,Transaction,dAiDqxvaQOKn6vnE9Mcplw,0.0,STARONE,b8e44484_8da1_4890_a8f3_47ddc5148e6b,1620207514442,0,,SUCCESS,BANKING_POST_FUND_TRANSFER,,,,BROWSER,RETAIL,,0,,,,,,,,,WEB,,,,False,,,0.0,88A06,88A06,,,,,,,,,,,,,0.0,0.0,0.0,,ZTRMdWtIRUNBU0I3TUhuRm5QSmM3QT09,cU0yY0NHMks1Q25Ec0dyMG02a1BaUT09,U2JseTYxWHU1QmtycHdBOEl6OG9QUT09,ZTRMdWtIRUNBU0I3TUhuRm5QSmM3QT09,35.67,Sched Xfer 05/05/2021 02:00:01 MEMO: This is the last recurring monthly transfer to Dad's checking account for the storage locker payment. Transfer Memo: Storage Locker,Share Draft,Share Draft,N/A,88A06,DEFAULT,False,False,[],,,,,,,,,,,,,,,,,,,,,,,,,,,,,,,,,,,,,,,,,,,,,,,,,,,,,,,,,,,,,,,,,,,,,,,,,,,,,,,,,,,,,,,,,,,,,,,,,,,,,,,,,,,,,,,,,,,,,,,,,,,,,,,,,,,,,,,,,,,,,,,,,,,,,,,,,,,,,,,,,,,,,,,,,,,,,,,,,,,,,,,,,,,,,,,,,,,,,,,,,,,,,,,,,,,,,,,,,,,,,,,,,,,,,,,,,,,,,,,,,,,,,,,,,,,,,,,,,,,,,,,,,,,,,,,,,,,,,,,,,,,,,,,,,,,,,,,,,,,,,,,,,,,,,,,,,,,,,,,,,,,,,,,,,,,,,,,,,,,,,,,,,,,,,,,,,,,,,,,,,,,,,,,,,,,,,,,,,,,,,,,,,,,,,,,,,,,,,,,,,,,,,,,,,,,,,,,,,,,,,,,,,,,,,,,,,,,,
u4ia_log,Transaction,4kkJCckLTQePRylCdRkmQA,0.0,STARONE,b8eb61a6_6534_4d28_8b3c_e1ae5debad67,1620207524612,0,A request to retrieve account history information  was attempted by an individual with the User ID = ******be for the account with member number = ***0590 and account = 150. Status: SUCCESS,SUCCESS,BANKING_GET_BANKING_TRANSACTIONS,9.1.0.236,216.34.61.40,bfaf0ff0b75a49e685482ea15cca9046,BROWSER,RETAIL,MEMBER,0,,,,,N/A,FJZIqCBp4qcMM57KGu24wFAZRJGBd3aZ5KvPymHVl4U=,Linux,,WEB,N/A,COMPUTER,"Mozilla/5.0 (X11; Linux x86_64) AppleWebKit/537.36 (KHTML, like Gecko) Chrome/43.0.2357.125 Safari/537.36",False,,,0.0,,,,,,,,a1ZZVzh2WU0xS2ZlTm5DQmdmbVR3Zz09,c0swak9jbUhOQmVlamlWY1dFVVNCZz09,dVIxVml6REVGd2xMMHJ2ZlVaR0tUZz09,bFlLb3NNUlZBNUVyaWk0ck9jUHpadz09,bUtxYzlDd3VhbnAzRHZNTUlkR3B2WmR2VG1kL09DZzk2SjR3UnpwSllxUT0=,dW5yc05HMDE3YUJ2RU91QU5hRXhJZz09,d2VwbTdaZ3k2N2ZVSkhnWGJpZVRZQT09,,,,,,,,,,,,,,,,,,,,,,,,,,,,,,,,,,,,,,,,,,,,,,,,,,,,,,,,,,,,,,,,,,,,,,,,,,,,,,,,,,,,,,,,,,,,,,,,,,,,,,,,,,,,,,,,,,,,,,,,,,,,,,,,,,,,,,,,,,,,,,,,,,,,,,,,,,,,,,,,,,,,,,,,,,,,,,,,,,,,,,,,,,,,,,,,,,,,,,,,,,,,,,,,,,,,,,,,,,,,,,,,,,,,,,,,,,,,,,,,,,,,,,,,,,,,,,,,,,,,,,,,,,,,,,,,,,,,,,,,,,,,,,,,,,,,,,,,,,,,,,,,,,,,,,,,,,,,,,,,,,,,,,,,,,,,,,,,,,,,,,,,,,,,,,,,,,,,,,,,,,,,,,,,,,,,,,,,,,,,,,,,,,,,,,,,,,,,,,,,,,,,,,,,,,,,,,,,,,,,,,,,,,,,,,,,,,,,,,,,,,,,,,,,,,,,,,
u4ia_log,Transaction,sPdHFmgARQeG1rv-KuGu9Q,0.0,STARONE,b8eb61a6_6534_4d28_8b3c_e1ae5debad67,1620207528617,0,A request to logout the user was attempted by an individual with the User ID = ******be. Status: SUCCESS,SUCCESS,BANKING_LOGOUT,9.1.0.236,216.34.61.40,bfaf0ff0b75a49e685482ea15cca9046,BROWSER,RETAIL,MEMBER,0,,,,,N/A,FJZIqCBp4qcMM57KGu24wFAZRJGBd3aZ5KvPymHVl4U=,Linux,,WEB,N/A,COMPUTER,"Mozilla/5.0 (X11; Linux x86_64) AppleWebKit/537.36 (KHTML, like Gecko) Chrome/43.0.2357.125 Safari/537.36",False,,,0.0,,,,,,,,a1ZZVzh2WU0xS2ZlTm5DQmdmbVR3Zz09,c0swak9jbUhOQmVlamlWY1dFVVNCZz09,dVIxVml6REVGd2xMMHJ2ZlVaR0tUZz09,bFlLb3NNUlZBNUVyaWk0ck9jUHpadz09,bUtxYzlDd3VhbnAzRHZNTUlkR3B2WmR2VG1kL09DZzk2SjR3UnpwSllxUT0=,dW5yc05HMDE3YUJ2RU91QU5hRXhJZz09,d2VwbTdaZ3k2N2ZVSkhnWGJpZVRZQT09,,,,,,,,,,,,,,,,,,,,,,,,,,,,,,,,,,,,,,,,,,,,,,,,,,,,,,,,,,,,,,,,,,,,,,,,,,,,,,,,,,,,,,,,,,,,,,,,,,,,,,,,,,,,,,,,,,,,,,,,,,,,,,,,,,,,,,,,,,,,,,,,,,,,,,,,,,,,,,,,,,,,,,,,,,,,,,,,,,,,,,,,,,,,,,,,,,,,,,,,,,,,,,,,,,,,,,,,,,,,,,,,,,,,,,,,,,,,,,,,,,,,,,,,,,,,,,,,,,,,,,,,,,,,,,,,,,,,,,,,,,,,,,,,,,,,,,,,,,,,,,,,,,,,,,,,,,,,,,,,,,,,,,,,,,,,,,,,,,,,,,,,,,,,,,,,,,,,,,,,,,,,,,,,,,,,,,,,,,,,,,,,,,,,,,,,,,,,,,,,,,,,,,,,,,,,,,,,,,,,,,,,,,,,,,,,,,,,,,,,,,,,,,,,,,,,,,
u4ia_log,Transaction,ln1eMPOQTe2DmCj-B0S9-A,0.0,STARONE,812a86bd_998d_413f_af3f_1ae2044a5fdd,1620207530808,0,,SUCCESS,BANKING_POST_FUND_TRANSFER,,,,BROWSER,RETAIL,,0,,,,,,,,,WEB,,,,False,,,0.0,1D9FD,1D9FD,,,,,,,,,,,,,0.0,0.0,0.0,,cFBLMVRzTWN2cjhiVEw2MFNaRjZKUT09,M1Avemp6VmU0U2l0WkdrZER6bXFUUT09,M1Avemp6VmU0U2l0WkdrZER6bXFUUT09,ZksrTUoyQU50Nk1tNkY3alNvTFRNUT09,100.0,Sched Xfer 05/05/2021 02:00:01,Regular Loan,Regular Deposit,N/A,1D9FD,PRINCIPAL_AMOUNT,False,False,[],,,,,,,,,,,,,,,,,,,,,,,,,,,,,,,,,,,,,,,,,,,,,,,,,,,,,,,,,,,,,,,,,,,,,,,,,,,,,,,,,,,,,,,,,,,,,,,,,,,,,,,,,,,,,,,,,,,,,,,,,,,,,,,,,,,,,,,,,,,,,,,,,,,,,,,,,,,,,,,,,,,,,,,,,,,,,,,,,,,,,,,,,,,,,,,,,,,,,,,,,,,,,,,,,,,,,,,,,,,,,,,,,,,,,,,,,,,,,,,,,,,,,,,,,,,,,,,,,,,,,,,,,,,,,,,,,,,,,,,,,,,,,,,,,,,,,,,,,,,,,,,,,,,,,,,,,,,,,,,,,,,,,,,,,,,,,,,,,,,,,,,,,,,,,,,,,,,,,,,,,,,,,,,,,,,,,,,,,,,,,,,,,,,,,,,,,,,,,,,,,,,,,,,,,,,,,,,,,,,,,,,,,,,,,,,,,,,,
u4ia_log,Transaction,M6JcrQXoSc2HDbRGPxc0Vw,0.0,STARONE,a705a160_3620_4f22_988e_5680828562ff,1620207534379,0,,SUCCESS,BANKING_POST_FUND_TRANSFER,,,,BROWSER,RETAIL,,0,,,,,,,,,WEB,,,,False,,,0.0,B499A,B499A,,,,,,,,,,,,,0.0,0.0,0.0,,ZTRMdWtIRUNBU0I3TUhuRm5QSmM3QT09,VnpiZ2dHeVRXN1dnSmxURzlscGNyZz09,VnpiZ2dHeVRXN1dnSmxURzlscGNyZz09,cFpYUzRsZlArMitFZHhyWjkvY3lEUT09,112.75,Sched Xfer 05/05/2021 02:00:01,CNOM Loan,Share Draft,N/A,B499A,PRINCIPAL_AMOUNT,False,False,[],,,,,,,,,,,,,,,,,,,,,,,,,,,,,,,,,,,,,,,,,,,,,,,,,,,,,,,,,,,,,,,,,,,,,,,,,,,,,,,,,,,,,,,,,,,,,,,,,,,,,,,,,,,,,,,,,,,,,,,,,,,,,,,,,,,,,,,,,,,,,,,,,,,,,,,,,,,,,,,,,,,,,,,,,,,,,,,,,,,,,,,,,,,,,,,,,,,,,,,,,,,,,,,,,,,,,,,,,,,,,,,,,,,,,,,,,,,,,,,,,,,,,,,,,,,,,,,,,,,,,,,,,,,,,,,,,,,,,,,,,,,,,,,,,,,,,,,,,,,,,,,,,,,,,,,,,,,,,,,,,,,,,,,,,,,,,,,,,,,,,,,,,,,,,,,,,,,,,,,,,,,,,,,,,,,,,,,,,,,,,,,,,,,,,,,,,,,,,,,,,,,,,,,,,,,,,,,,,,,,,,,,,,,,,,,,,,,,
u4ia_log,Transaction,8B0452WXRamFsEbhlWjrkw,0.0,STARONE,d4e0ce0f_2cda_4cb8_9eb3_e8f1b4c15951,1620207366308,0,,SUCCESS,BANKING_POST_FUND_TRANSFER,,,,BROWSER,RETAIL,,0,,,,,,,,,WEB,,,,False,,,0.0,EB25B,EB25B,,,,,,,,,,,,,0.0,0.0,0.0,,eXBTTlNsVEJpcWVoUFBIVzNiRGtJUT09,WnN2bnlvYUpjL2pGYW4zNWRyeW1TQT09,WnN2bnlvYUpjL2pGYW4zNWRyeW1TQT09,ZTRMdWtIRUNBU0I3TUhuRm5QSmM3QT09,1190.0,Sched Xfer 05/05/2021 02:00:01,Share Draft,Regular Deposit,N/A,EB25B,DEFAULT,False,False,[],,,,,,,,,,,,,,,,,,,,,,,,,,,,,,,,,,,,,,,,,,,,,,,,,,,,,,,,,,,,,,,,,,,,,,,,,,,,,,,,,,,,,,,,,,,,,,,,,,,,,,,,,,,,,,,,,,,,,,,,,,,,,,,,,,,,,,,,,,,,,,,,,,,,,,,,,,,,,,,,,,,,,,,,,,,,,,,,,,,,,,,,,,,,,,,,,,,,,,,,,,,,,,,,,,,,,,,,,,,,,,,,,,,,,,,,,,,,,,,,,,,,,,,,,,,,,,,,,,,,,,,,,,,,,,,,,,,,,,,,,,,,,,,,,,,,,,,,,,,,,,,,,,,,,,,,,,,,,,,,,,,,,,,,,,,,,,,,,,,,,,,,,,,,,,,,,,,,,,,,,,,,,,,,,,,,,,,,,,,,,,,,,,,,,,,,,,,,,,,,,,,,,,,,,,,,,,,,,,,,,,,,,,,,,,,,,,,,
u4ia_log,Transaction,02MYD9ZlRrK8g25pAd0ZrA,0.0,STARONE,d5c14c6a_881b_49b8_82ba_6891c17d5dd8,1620207368709,0,,SUCCESS,BANKING_POST_FUND_TRANSFER,,,,BROWSER,RETAIL,,0,,,,,,,,,WEB,,,,False,,,0.0,34F22,34F22,,,,,,,,,,,,,0.0,0.0,0.0,,cFBLMVRzTWN2cjhiVEw2MFNaRjZKUT09,dFZPQ2kwVWJMUnE1Rm12NFBPdm1tdz09,aUZhTzFmMWhjK2RKMDJobWV6Y05odz09,cFBLMVRzTWN2cjhiVEw2MFNaRjZKUT09,4500.0,Sched Xfer 05/05/2021 02:00:01 MEMO: Family Expenses,Regular Deposit,Regular Deposit,N/A,34F22,DEFAULT,False,False,[],,,,,,,,,,,,,,,,,,,,,,,,,,,,,,,,,,,,,,,,,,,,,,,,,,,,,,,,,,,,,,,,,,,,,,,,,,,,,,,,,,,,,,,,,,,,,,,,,,,,,,,,,,,,,,,,,,,,,,,,,,,,,,,,,,,,,,,,,,,,,,,,,,,,,,,,,,,,,,,,,,,,,,,,,,,,,,,,,,,,,,,,,,,,,,,,,,,,,,,,,,,,,,,,,,,,,,,,,,,,,,,,,,,,,,,,,,,,,,,,,,,,,,,,,,,,,,,,,,,,,,,,,,,,,,,,,,,,,,,,,,,,,,,,,,,,,,,,,,,,,,,,,,,,,,,,,,,,,,,,,,,,,,,,,,,,,,,,,,,,,,,,,,,,,,,,,,,,,,,,,,,,,,,,,,,,,,,,,,,,,,,,,,,,,,,,,,,,,,,,,,,,,,,,,,,,,,,,,,,,,,,,,,,,,,,,,,,,
u4ia_log,Transaction,r7KDwKBIQ_GWmoBvPXojPA,0.0,STARONE,12126d32_7ea1_4fdf_a4b2_df974ad8deb5,1620207375142,0,,SUCCESS,BANKING_POST_FUND_TRANSFER,,,,BROWSER,RETAIL,,0,,,,,,,,,WEB,,,,False,,,0.0,6DF48,6DF48,,,,,,,,,,,,,0.0,0.0,0.0,,ZTRMdWtIRUNBU0I3TUhuRm5QSmM3QT09,elBWNkNXdG1JOTViMkEzSytlKzNLZz09,aXd4Wno4U3BjK0p0a3FJSXBkSFF3dz09,cFBLMVRzTWN2cjhiVEw2MFNaRjZKUT09,100.0,Sched Xfer 05/05/2021 02:00:01,Regular Deposit,Share Draft,N/A,6DF48,DEFAULT,False,False,[],,,,,,,,,,,,,,,,,,,,,,,,,,,,,,,,,,,,,,,,,,,,,,,,,,,,,,,,,,,,,,,,,,,,,,,,,,,,,,,,,,,,,,,,,,,,,,,,,,,,,,,,,,,,,,,,,,,,,,,,,,,,,,,,,,,,,,,,,,,,,,,,,,,,,,,,,,,,,,,,,,,,,,,,,,,,,,,,,,,,,,,,,,,,,,,,,,,,,,,,,,,,,,,,,,,,,,,,,,,,,,,,,,,,,,,,,,,,,,,,,,,,,,,,,,,,,,,,,,,,,,,,,,,,,,,,,,,,,,,,,,,,,,,,,,,,,,,,,,,,,,,,,,,,,,,,,,,,,,,,,,,,,,,,,,,,,,,,,,,,,,,,,,,,,,,,,,,,,,,,,,,,,,,,,,,,,,,,,,,,,,,,,,,,,,,,,,,,,,,,,,,,,,,,,,,,,,,,,,,,,,,,,,,,,,,,,,,,
u4ia_log,Transaction,-CmeU814RYe3D4D0WyGSig,0.0,STARONE,5665adea_126d_4571_8e0c_e313e1b536d0,1620207386547,0,,SUCCESS,BANKING_POST_FUND_TRANSFER,,,,BROWSER,RETAIL,,0,,,,,,,,,WEB,,,,False,,,0.0,6B640,6B640,,,,,,,,,,,,,0.0,0.0,0.0,,ZTRMdWtIRUNBU0I3TUhuRm5QSmM3QT09,NkNXNWJ5dEhjeTVTQ3Y0ZVpWR05zQT09,NkNXNWJ5dEhjeTVTQ3Y0ZVpWR05zQT09,cFBLMVRzTWN2cjhiVEw2MFNaRjZKUT09,200.0,Sched Xfer 05/05/2021 02:00:01 MEMO: Save,Regular Deposit,Share Draft,N/A,6B640,DEFAULT,False,False,[],,,,,,,,,,,,,,,,,,,,,,,,,,,,,,,,,,,,,,,,,,,,,,,,,,,,,,,,,,,,,,,,,,,,,,,,,,,,,,,,,,,,,,,,,,,,,,,,,,,,,,,,,,,,,,,,,,,,,,,,,,,,,,,,,,,,,,,,,,,,,,,,,,,,,,,,,,,,,,,,,,,,,,,,,,,,,,,,,,,,,,,,,,,,,,,,,,,,,,,,,,,,,,,,,,,,,,,,,,,,,,,,,,,,,,,,,,,,,,,,,,,,,,,,,,,,,,,,,,,,,,,,,,,,,,,,,,,,,,,,,,,,,,,,,,,,,,,,,,,,,,,,,,,,,,,,,,,,,,,,,,,,,,,,,,,,,,,,,,,,,,,,,,,,,,,,,,,,,,,,,,,,,,,,,,,,,,,,,,,,,,,,,,,,,,,,,,,,,,,,,,,,,,,,,,,,,,,,,,,,,,,,,,,,,,,,,,,,
u4ia_log,Transaction,sRwE7iKwRFaoWOUgDjO0tg,0.0,STARONE,018dda0b_6fee_4e2e_8fbc_94331b30f363,1620207391042,0,A request to retrieve cross account information was attempted by an individual with the User ID = *******10. Status: SUCCESS,SUCCESS,BANKING_GET_SPECIFIC_MEMBERS_CROSS_ACCOUNTS_DETAILS,9.1.0.236,192.31.106.34,54182c62ae5b4583a88523bb17c99603,BROWSER,RETAIL,MEMBER,0,,,,,N/A,m6TEMTBJ6KOBF/RBJ7SJvVy35TAXNtBf7cHmIYILUIo=,Windows,,WEB,10.0,COMPUTER,Mozilla/5.0 (Windows NT 10.0; Win64; x64; rv:78.0) Gecko/20100101 Firefox/78.0,False,,,0.0,,,,,,,,aC9zVHZuOXdVa2dnSHdLeHpUZ2ErQT09,bkR5ZDVtZjU1UmVpS2U5V3NtR2krdz09,TEZxdXY4S0V2MzRzODJOVmFSbEdsUT09,bFlLb3NNUlZBNUVyaWk0ck9jUHpadz09,RlU4WDBrcDRlc0J5OWxSaWdlUkdzS0I0Z3NmNVc2aTFLUkg5SW9MUHNMbz0=,VFlwelNHWnY0eTkwWkVpQmRuVUNVQT09,T212YkdaYmp0NGthZ2FQQmUraWw1QT09,,,,,,,,,,,,,,,,,,,,,,,,,,,,,,,,,,,,,,,,,,,,,,,,,,,,,,,,,,,,,,,,,,,,,,,,,,,,,,,,,,,,,,,,,,,,,,,,,,,,,,,,,,,,,,,,,,,,,,,,,,,,,,,,,,,,,,,,,,,,,,,,,,,,,,,,,,,,,,,,,,,,,,,,,,,,,,,,,,,,,,,,,,,,,,,,,,,,,,,,,,,,,,,,,,,,,,,,,,,,,,,,,,,,,,,,,,,,,,,,,,,,,,,,,,,,,,,,,,,,,,,,,,,,,,,,,,,,,,,,,,,,,,,,,,,,,,,,,,,,,,,,,,,,,,,,,,,,,,,,,,,,,,,,,,,,,,,,,,,,,,,,,,,,,,,,,,,,,,,,,,,,,,,,,,,,,,,,,,,,,,,,,,,,,,,,,,,,,,,,,,,,,,,,,,,,,,,,,,,,,,,,,,,,,,,,,,,,,,,,,,,,,,,,,,,,,,
u4ia_log,Transaction,bLmDEAUOTQuPViF3gooQOw,0.0,STARONE,40d33599_45f0_437e_b92f_23b8ba6c922a,1620207414163,0,A request to retrieve balance information was attempted by an individual with the User ID = *****10. Status: SUCCESS,SUCCESS,BANKING_GET_ALL_MEMBERS_ACCOUNTS_DETAILS,9.1.0.236,108.72.124.253,fe0d88ab8a6f484abcf54a1490226b57,BROWSER,RETAIL,MEMBER,0,,,,,N/A,YT02hBx8hb+c/HexkW2apThO/xk4Y/e4qZb04NdHVGQ=,Windows,,WEB,10.0,COMPUTER,Mozilla/5.0 (Windows NT 10.0; Win64; x64; rv:88.0) Gecko/20100101 Firefox/88.0,False,,,0.0,,,,,,,,MUxJYzd3bFlRbHdzTk9uZEpmQXR4Zz09,eWo5UmJva0xmUlhZQ2oyYVI0elByZz09,SkM5K0lwNzMvRytkV2lOTStFM3VIQT09,bFlLb3NNUlZBNUVyaWk0ck9jUHpadz09,Y3pzdnYvTjhCcUJpU1c0OXA3UThwQ1kzSTBjMGxLREFvbWIvQ1lJK3d5MD0=,"MUxJYzd3bFlRbHdzTk9uZEpmQXR4Zz09,bnRsb3NIZXpuOHNSL0h3OE15cHd0QT09,aWtyeExiTGVhVThpOHIyMnFGc0JTZz09",NjFsYi9YdHYxNlJMOUQreVZ2T0RuZz09,,,,,,,,,,,,,,,,,,,,,,,,,,,,,,,,,,,,,,,,,,,,,,,,,,,,,,,,,,,,,,,,,,,,,,,,,,,,,,,,,,,,,,,,,,,,,,,,,,,,,,,,,,,,,,,,,,,,,,,,,,,,,,,,,,,,,,,,,,,,,,,,,,,,,,,,,,,,,,,,,,,,,,,,,,,,,,,,,,,,,,,,,,,,,,,,,,,,,,,,,,,,,,,,,,,,,,,,,,,,,,,,,,,,,,,,,,,,,,,,,,,,,,,,,,,,,,,,,,,,,,,,,,,,,,,,,,,,,,,,,,,,,,,,,,,,,,,,,,,,,,,,,,,,,,,,,,,,,,,,,,,,,,,,,,,,,,,,,,,,,,,,,,,,,,,,,,,,,,,,,,,,,,,,,,,,,,,,,,,,,,,,,,,,,,,,,,,,,,,,,,,,,,,,,,,,,,,,,,,,,,,,,,,,,,,,,,,,,,,,,,,,,,,,,,,,,,
u4ia_log,Transaction,EY2JWQxdS0e_wkbGpQU7zA,0.0,STARONE,9b17e384_3d2f_4870_b2f4_a5d8fd6a3b0d,1620207415508,0,,SUCCESS,BANKING_POST_FUND_TRANSFER,,,,BROWSER,RETAIL,,0,,,,,,,,,WEB,,,,False,,,0.0,12E45,12E45,,,,,,,,,,,,,0.0,0.0,0.0,,ZTRMdWtIRUNBU0I3TUhuRm5QSmM3QT09,ZEFrb2VFbnZUU0Y1ai9RdHpMSjF6QT09,ZEFrb2VFbnZUU0Y1ai9RdHpMSjF6QT09,R0JLcVVWRFhCVzFsMzg3TENNbHpLZz09,1500.0,Sched Xfer 05/05/2021 02:00:01,Regular Deposit,Share Draft,N/A,12E45,DEFAULT,False,False,[],,,,,,,,,,,,,,,,,,,,,,,,,,,,,,,,,,,,,,,,,,,,,,,,,,,,,,,,,,,,,,,,,,,,,,,,,,,,,,,,,,,,,,,,,,,,,,,,,,,,,,,,,,,,,,,,,,,,,,,,,,,,,,,,,,,,,,,,,,,,,,,,,,,,,,,,,,,,,,,,,,,,,,,,,,,,,,,,,,,,,,,,,,,,,,,,,,,,,,,,,,,,,,,,,,,,,,,,,,,,,,,,,,,,,,,,,,,,,,,,,,,,,,,,,,,,,,,,,,,,,,,,,,,,,,,,,,,,,,,,,,,,,,,,,,,,,,,,,,,,,,,,,,,,,,,,,,,,,,,,,,,,,,,,,,,,,,,,,,,,,,,,,,,,,,,,,,,,,,,,,,,,,,,,,,,,,,,,,,,,,,,,,,,,,,,,,,,,,,,,,,,,,,,,,,,,,,,,,,,,,,,,,,,,,,,,,,,,
u4ia_log,Transaction,kFNoojs_QtGAvsGYC8crvA,0.0,STARONE,54aafe46_ce3d_4278_85ac_fe0d83a0f6a5,1620207424907,0,,SUCCESS,BANKING_POST_FUND_TRANSFER,,,,BROWSER,RETAIL,,0,,,,,,,,,WEB,,,,False,,,0.0,2F8B9,2F8B9,,,,,,,,,,,,,0.0,0.0,0.0,,cFBLMVRzTWN2cjhiVEw2MFNaRjZKUT09,d0ZYelJmSDlsdlA0Q3llM2R0TVZudz09,d0ZYelJmSDlsdlA0Q3llM2R0TVZudz09,ZTRMdWtIRUNBU0I3TUhuRm5QSmM3QT09,670.0,Sched Xfer 05/05/2021 02:00:01 MEMO: Insurance,Share Draft,Regular Deposit,N/A,2F8B9,DEFAULT,False,False,[],,,,,,,,,,,,,,,,,,,,,,,,,,,,,,,,,,,,,,,,,,,,,,,,,,,,,,,,,,,,,,,,,,,,,,,,,,,,,,,,,,,,,,,,,,,,,,,,,,,,,,,,,,,,,,,,,,,,,,,,,,,,,,,,,,,,,,,,,,,,,,,,,,,,,,,,,,,,,,,,,,,,,,,,,,,,,,,,,,,,,,,,,,,,,,,,,,,,,,,,,,,,,,,,,,,,,,,,,,,,,,,,,,,,,,,,,,,,,,,,,,,,,,,,,,,,,,,,,,,,,,,,,,,,,,,,,,,,,,,,,,,,,,,,,,,,,,,,,,,,,,,,,,,,,,,,,,,,,,,,,,,,,,,,,,,,,,,,,,,,,,,,,,,,,,,,,,,,,,,,,,,,,,,,,,,,,,,,,,,,,,,,,,,,,,,,,,,,,,,,,,,,,,,,,,,,,,,,,,,,,,,,,,,,,,,,,,,,
u4ia_log,Transaction,aP8sZ0f9Sz-x-rZBm4tTLw,0.0,STARONE,f331a8e7_dcaf_4af8_b88c_009a1c3ddd9e,1620207427211,0,,SUCCESS,BANKING_POST_FUND_TRANSFER,,,,BROWSER,RETAIL,,0,,,,,,,,,WEB,,,,False,,,0.0,6557C,6557C,,,,,,,,,,,,,0.0,0.0,0.0,,cFBLMVRzTWN2cjhiVEw2MFNaRjZKUT09,VjBQRE5lOG1CcVJpV0lubkYxMlYyZz09,czhNMWFpbEoxeGNxeG00OXBCckxTQT09,ZUVFUk81MlAvVHRRcCtPOHJFMVU5dz09,200.0,Sched Xfer 05/05/2021 02:00:01,Regular Deposit,Regular Deposit,N/A,6557C,DEFAULT,False,False,[],,,,,,,,,,,,,,,,,,,,,,,,,,,,,,,,,,,,,,,,,,,,,,,,,,,,,,,,,,,,,,,,,,,,,,,,,,,,,,,,,,,,,,,,,,,,,,,,,,,,,,,,,,,,,,,,,,,,,,,,,,,,,,,,,,,,,,,,,,,,,,,,,,,,,,,,,,,,,,,,,,,,,,,,,,,,,,,,,,,,,,,,,,,,,,,,,,,,,,,,,,,,,,,,,,,,,,,,,,,,,,,,,,,,,,,,,,,,,,,,,,,,,,,,,,,,,,,,,,,,,,,,,,,,,,,,,,,,,,,,,,,,,,,,,,,,,,,,,,,,,,,,,,,,,,,,,,,,,,,,,,,,,,,,,,,,,,,,,,,,,,,,,,,,,,,,,,,,,,,,,,,,,,,,,,,,,,,,,,,,,,,,,,,,,,,,,,,,,,,,,,,,,,,,,,,,,,,,,,,,,,,,,,,,,,,,,,,,
u4ia_log,Transaction,qb4xey_NTJmsyI0vhwa6xg,0.0,STARONE,99bb9ade_a495_4214_9f94_7e953b96f9a2,1620207429734,0,,SUCCESS,BANKING_POST_FUND_TRANSFER,,,,BROWSER,RETAIL,,0,,,,,,,,,WEB,,,,False,,,0.0,FC390,FC390,,,,,,,,,,,,,0.0,0.0,0.0,,ZTRMdWtIRUNBU0I3TUhuRm5QSmM3QT09,U040Q0JsYnVjUXFVdW42UFRRUithQT09,WHlFeHc1bFhCa2RSaFZKMUFRekQ4QT09,cFBLMVRzTWN2cjhiVEw2MFNaRjZKUT09,50.0,Sched Xfer 05/05/2021 02:00:01,Regular Deposit,Share Draft,N/A,FC390,DEFAULT,False,False,[],,,,,,,,,,,,,,,,,,,,,,,,,,,,,,,,,,,,,,,,,,,,,,,,,,,,,,,,,,,,,,,,,,,,,,,,,,,,,,,,,,,,,,,,,,,,,,,,,,,,,,,,,,,,,,,,,,,,,,,,,,,,,,,,,,,,,,,,,,,,,,,,,,,,,,,,,,,,,,,,,,,,,,,,,,,,,,,,,,,,,,,,,,,,,,,,,,,,,,,,,,,,,,,,,,,,,,,,,,,,,,,,,,,,,,,,,,,,,,,,,,,,,,,,,,,,,,,,,,,,,,,,,,,,,,,,,,,,,,,,,,,,,,,,,,,,,,,,,,,,,,,,,,,,,,,,,,,,,,,,,,,,,,,,,,,,,,,,,,,,,,,,,,,,,,,,,,,,,,,,,,,,,,,,,,,,,,,,,,,,,,,,,,,,,,,,,,,,,,,,,,,,,,,,,,,,,,,,,,,,,,,,,,,,,,,,,,,,
u4ia_log,Transaction,EeRGCQ8SSwSRv6m8iSK5Kg,0.0,STARONE,c452aec0_d20f_4638_b18c_a6d15a072e47,1620207459977,0,,SUCCESS,BANKING_POST_FUND_TRANSFER,,,,BROWSER,RETAIL,,0,,,,,,,,,WEB,,,,False,,,0.0,7C00D,7C00D,,,,,,,,,,,,,0.0,0.0,0.0,,ZTRMdWtIRUNBU0I3TUhuRm5QSmM3QT09,RXRJNUFGZ2RRZGQ1bEpPYi80VXY2QT09,RXRJNUFGZ2RRZGQ1bEpPYi80VXY2QT09,cFBLMVRzTWN2cjhiVEw2MFNaRjZKUT09,30.0,Sched Xfer 05/05/2021 02:00:01,Regular Deposit,Share Draft,N/A,7C00D,DEFAULT,False,False,[],,,,,,,,,,,,,,,,,,,,,,,,,,,,,,,,,,,,,,,,,,,,,,,,,,,,,,,,,,,,,,,,,,,,,,,,,,,,,,,,,,,,,,,,,,,,,,,,,,,,,,,,,,,,,,,,,,,,,,,,,,,,,,,,,,,,,,,,,,,,,,,,,,,,,,,,,,,,,,,,,,,,,,,,,,,,,,,,,,,,,,,,,,,,,,,,,,,,,,,,,,,,,,,,,,,,,,,,,,,,,,,,,,,,,,,,,,,,,,,,,,,,,,,,,,,,,,,,,,,,,,,,,,,,,,,,,,,,,,,,,,,,,,,,,,,,,,,,,,,,,,,,,,,,,,,,,,,,,,,,,,,,,,,,,,,,,,,,,,,,,,,,,,,,,,,,,,,,,,,,,,,,,,,,,,,,,,,,,,,,,,,,,,,,,,,,,,,,,,,,,,,,,,,,,,,,,,,,,,,,,,,,,,,,,,,,,,,,
u4ia_log,Transaction,32EDRVzETT6_ajG9vPclCA,0.0,STARONE,d05ea2d7_f54e_4991_861b_5850c841d13b,1620207472503,0,,SUCCESS,BANKING_POST_FUND_TRANSFER,,,,BROWSER,RETAIL,,0,,,,,,,,,WEB,,,,False,,,0.0,E4FB6,E4FB6,,,,,,,,,,,,,0.0,0.0,0.0,,ZnJOYzRYZ0lSTWJ1c3Qxck9WV2c2QT09,YU1iakU1V0ozS1Z2VWZxWis0RWI0UT09,YU1iakU1V0ozS1Z2VWZxWis0RWI0UT09,cFBLMVRzTWN2cjhiVEw2MFNaRjZKUT09,300.0,Sched Xfer 05/05/2021 02:00:01 MEMO: LTC w John Hancock,Regular Deposit,Share Draft,N/A,E4FB6,DEFAULT,False,False,[],,,,,,,,,,,,,,,,,,,,,,,,,,,,,,,,,,,,,,,,,,,,,,,,,,,,,,,,,,,,,,,,,,,,,,,,,,,,,,,,,,,,,,,,,,,,,,,,,,,,,,,,,,,,,,,,,,,,,,,,,,,,,,,,,,,,,,,,,,,,,,,,,,,,,,,,,,,,,,,,,,,,,,,,,,,,,,,,,,,,,,,,,,,,,,,,,,,,,,,,,,,,,,,,,,,,,,,,,,,,,,,,,,,,,,,,,,,,,,,,,,,,,,,,,,,,,,,,,,,,,,,,,,,,,,,,,,,,,,,,,,,,,,,,,,,,,,,,,,,,,,,,,,,,,,,,,,,,,,,,,,,,,,,,,,,,,,,,,,,,,,,,,,,,,,,,,,,,,,,,,,,,,,,,,,,,,,,,,,,,,,,,,,,,,,,,,,,,,,,,,,,,,,,,,,,,,,,,,,,,,,,,,,,,,,,,,,,,
u4ia_log,Transaction,OQA7GmH_RtyH7oWC6FT2tA,0.0,STARONE,ccfa8f1d_b1b0_4b83_9e34_479b105ebb2a,1620207475222,0,,SUCCESS,BANKING_POST_FUND_TRANSFER,,,,BROWSER,RETAIL,,0,,,,,,,,,WEB,,,,False,,,0.0,75071,75071,,,,,,,,,,,,,0.0,0.0,0.0,,cFBLMVRzTWN2cjhiVEw2MFNaRjZKUT09,Z1hYOTJvckZwUzNhSHk1VzZwbW1jdz09,Z1hYOTJvckZwUzNhSHk1VzZwbW1jdz09,WDVubXFNYmdzaUFhUUsrbDBtbXRZQT09,7000.0,Sched Xfer 05/05/2021 02:00:01,Credit Card,Regular Deposit,N/A,75071,DEFAULT,False,False,[],,,,,,,,,,,,,,,,,,,,,,,,,,,,,,,,,,,,,,,,,,,,,,,,,,,,,,,,,,,,,,,,,,,,,,,,,,,,,,,,,,,,,,,,,,,,,,,,,,,,,,,,,,,,,,,,,,,,,,,,,,,,,,,,,,,,,,,,,,,,,,,,,,,,,,,,,,,,,,,,,,,,,,,,,,,,,,,,,,,,,,,,,,,,,,,,,,,,,,,,,,,,,,,,,,,,,,,,,,,,,,,,,,,,,,,,,,,,,,,,,,,,,,,,,,,,,,,,,,,,,,,,,,,,,,,,,,,,,,,,,,,,,,,,,,,,,,,,,,,,,,,,,,,,,,,,,,,,,,,,,,,,,,,,,,,,,,,,,,,,,,,,,,,,,,,,,,,,,,,,,,,,,,,,,,,,,,,,,,,,,,,,,,,,,,,,,,,,,,,,,,,,,,,,,,,,,,,,,,,,,,,,,,,,,,,,,,,,
u4ia_log,Transaction,E8ZPtcFRRkiiIRnmPrkkJQ,0.0,STARONE,02286e00_8d96_4239_8cfb_3539b6fc7850,1620207487895,11002,,FAILURE,Login,9.1.0.236,73.12.184.22,3c1642d78b524d209870777adb7d128d,BROWSER,RETAIL,,0,,,,,N/A,r8NzxK3Qiwf5+xXLw0mkptypmyY8YUd+nD9/R9c3G/g=,,,WEB,10.0,COMPUTER,"Mozilla/5.0 (Windows NT 10.0; Win64; x64) AppleWebKit/537.36 (KHTML, like Gecko) Chrome/90.0.4430.93 Safari/537.36",,,,0.0,,,,,,,,VGpZbVdlT0xxZkFUZGJuWjB1UUxPQT09,ams4bnNpaTF3WDFyZUVBMzN4QVhZdz09,M3J2SGZ4NnhSV3VhTWduWExlcjJWdz09,dUN2UlIrWXNodTR1S3JETGlMcytWZz09,,,,,,,,,,,,,,,,,,,,,,,,,,,,,,,,,,,,,,,,,,,,,,,,,,,,,,,,,,,,,,,,,,,,,,,,,,,,,,,,,,,,,,,,,,,,,,,,,,,,,,,,,,,,,,,,,,,,,,,,,,,,,,,,,,,,,,,,,,,,,,,,,,,,,,,,,,,,,,,,,,,,,,,,,,,,,,,,,,MEMBER,,,,,,,,,,,,,,,,,,,,,,,,,,,,,,,,,,,,,,,,,,,,,,,,,,,,,,,,,,,,,,,,,,,,,,,,,,,,,,,,,,,,,,,,,,,,,,,,,,,,,,,,,,,,,,,,,,,,,,,,,,,,,,,,,,,,,,,,,,,,,,,,,,,,,,,,,,,,,,,,,,,,,,,,,,,,,,,,,,,,,,,,,,,,,,,,,,,,,,,,,,,,,,,,,,,,,,,,,,,,,,,,,,,,,,,,,,,,,,,,,,,,,,,,,,,,,,,,,,,,,,,,,,,,,,,,,,,,,,,
u4ia_log,Transaction,2blEYNUuTsOaD78smmiW-A,0.0,STARONE,b8eb61a6_6534_4d28_8b3c_e1ae5debad67,1620207492871,11005,,SUCCESS,Authentication_PWD,9.1.0.236,216.34.61.40,bfaf0ff0b75a49e685482ea15cca9046,BROWSER,RETAIL,,0,,,,,N/A,FJZIqCBp4qcMM57KGu24wFAZRJGBd3aZ5KvPymHVl4U=,,,WEB,N/A,COMPUTER,"Mozilla/5.0 (X11; Linux x86_64) AppleWebKit/537.36 (KHTML, like Gecko) Chrome/43.0.2357.125 Safari/537.36",,,,0.0,,,,,,,,a1ZZVzh2WU0xS2ZlTm5DQmdmbVR3Zz09,c0swak9jbUhOQmVlamlWY1dFVVNCZz09,dVIxVml6REVGd2xMMHJ2ZlVaR0tUZz09,dFF2eTJoN254N0QyeC9yUlEwSUpRQT09,bUtxYzlDd3VhbnAzRHZNTUlkR3B2WmR2VG1kL09DZzk2SjR3UnpwSllxUT0=,,,,,,,,,,,,,,,,,,,,,,,,,,,,,,,,,,,,,,,,,,,,,,,,,,,,,,,,,,,,,,,,,,,,,,,,,,,,,,,,,,,,,,,,,,,,,,,,,,,,,,,,,,,,,,,,,,,,,,,,,,,,,,,,,,,,,,,,,,,,,,,,,,,,,,,,,,,,,,,,,,,,,,,,,,,,,,,,,MEMBER,,,,,,,,,,,,,,,,,,,,,,,,,,,,,,,,,,,,,,,,,,,,,,,,,,,,,,,,,,,,,,,,,,,,,,,,,,,,,,,,,,,,,,,,,,,,,,,,,,,,,,,,,,,,,,,,,,,,,,,,,,,,,,,,,,,,,,,,,,,,,,,,,,,,,,,,,,,,,,,,,,,,,,,,,,,,,,,,,,,,,,,,,,,,,,,,,,,,,,,,,,,,,,,,,,,,,,,,,,,,,,,,,,,,,,,,,,,,,,,,,,,,,,,,,,,,,,,,,,,,,,,,,,,,,,,,,,,,,,,
u4ia_log,Transaction,nke7ctKGQJ2X3TD3eWgHmA,0.0,STARONE,8162f2ef_09db_4c6c_861c_9ef14baf9860,1620207493679,0,,SUCCESS,BANKING_POST_FUND_TRANSFER,,,,BROWSER,RETAIL,,0,,,,,,,,,WEB,,,,False,,,0.0,E0182,E0182,,,,,,,,,,,,,0.0,0.0,0.0,,ZTRMdWtIRUNBU0I3TUhuRm5QSmM3QT09,OVBMMllidGRERjJQb3NaUDkwbkFUdz09,OVBMMllidGRERjJQb3NaUDkwbkFUdz09,amNMUzNTZXFCM0YrZ2RRSW5YTTl6QT09,50.0,Sched Xfer 05/05/2021 02:00:01,Regular Deposit,Share Draft,N/A,E0182,DEFAULT,False,False,[],,,,,,,,,,,,,,,,,,,,,,,,,,,,,,,,,,,,,,,,,,,,,,,,,,,,,,,,,,,,,,,,,,,,,,,,,,,,,,,,,,,,,,,,,,,,,,,,,,,,,,,,,,,,,,,,,,,,,,,,,,,,,,,,,,,,,,,,,,,,,,,,,,,,,,,,,,,,,,,,,,,,,,,,,,,,,,,,,,,,,,,,,,,,,,,,,,,,,,,,,,,,,,,,,,,,,,,,,,,,,,,,,,,,,,,,,,,,,,,,,,,,,,,,,,,,,,,,,,,,,,,,,,,,,,,,,,,,,,,,,,,,,,,,,,,,,,,,,,,,,,,,,,,,,,,,,,,,,,,,,,,,,,,,,,,,,,,,,,,,,,,,,,,,,,,,,,,,,,,,,,,,,,,,,,,,,,,,,,,,,,,,,,,,,,,,,,,,,,,,,,,,,,,,,,,,,,,,,,,,,,,,,,,,,,,,,,,,
u4ia_log,Transaction,7Ji67gY0TbSDoVKWl325FQ,0.0,STARONE,a53bcb41_967c_4d71_9002_635498e57edf,1620207499179,0,,SUCCESS,BANKING_POST_FUND_TRANSFER,,,,BROWSER,RETAIL,,0,,,,,,,,,WEB,,,,False,,,0.0,29B6F,29B6F,,,,,,,,,,,,,0.0,0.0,0.0,,cFBLMVRzTWN2cjhiVEw2MFNaRjZKUT09,RHpCQmQ3L3hWbFhuZDY1TFhsSVJnUT09,RHpCQmQ3L3hWbFhuZDY1TFhsSVJnUT09,ZTRMdWtIRUNBU0I3TUhuRm5QSmM3QT09,200.0,Sched Xfer 05/05/2021 02:00:01,Share Draft,Regular Deposit,N/A,29B6F,DEFAULT,False,False,[],,,,,,,,,,,,,,,,,,,,,,,,,,,,,,,,,,,,,,,,,,,,,,,,,,,,,,,,,,,,,,,,,,,,,,,,,,,,,,,,,,,,,,,,,,,,,,,,,,,,,,,,,,,,,,,,,,,,,,,,,,,,,,,,,,,,,,,,,,,,,,,,,,,,,,,,,,,,,,,,,,,,,,,,,,,,,,,,,,,,,,,,,,,,,,,,,,,,,,,,,,,,,,,,,,,,,,,,,,,,,,,,,,,,,,,,,,,,,,,,,,,,,,,,,,,,,,,,,,,,,,,,,,,,,,,,,,,,,,,,,,,,,,,,,,,,,,,,,,,,,,,,,,,,,,,,,,,,,,,,,,,,,,,,,,,,,,,,,,,,,,,,,,,,,,,,,,,,,,,,,,,,,,,,,,,,,,,,,,,,,,,,,,,,,,,,,,,,,,,,,,,,,,,,,,,,,,,,,,,,,,,,,,,,,,,,,,,,
u4ia_log,Transaction,EwpLxyV1QS6wsSgnxGjV4Q,0.0,STARONE,2e7fcd64_2113_443c_9ee1_64f4b5c33333,1620207501840,0,,SUCCESS,BANKING_POST_FUND_TRANSFER,,,,BROWSER,RETAIL,,0,,,,,,,,,WEB,,,,False,,,0.0,38190,38190,,,,,,,,,,,,,0.0,0.0,0.0,,ZTRMdWtIRUNBU0I3TUhuRm5QSmM3QT09,NGR6a0hUTkZrN1pLWFRKZ1NoTFdEQT09,NGR6a0hUTkZrN1pLWFRKZ1NoTFdEQT09,amNMUzNTZXFCM0YrZ2RRSW5YTTl6QT09,200.0,Sched Xfer 05/05/2021 02:00:01,Regular Deposit,Share Draft,N/A,38190,DEFAULT,False,False,[],,,,,,,,,,,,,,,,,,,,,,,,,,,,,,,,,,,,,,,,,,,,,,,,,,,,,,,,,,,,,,,,,,,,,,,,,,,,,,,,,,,,,,,,,,,,,,,,,,,,,,,,,,,,,,,,,,,,,,,,,,,,,,,,,,,,,,,,,,,,,,,,,,,,,,,,,,,,,,,,,,,,,,,,,,,,,,,,,,,,,,,,,,,,,,,,,,,,,,,,,,,,,,,,,,,,,,,,,,,,,,,,,,,,,,,,,,,,,,,,,,,,,,,,,,,,,,,,,,,,,,,,,,,,,,,,,,,,,,,,,,,,,,,,,,,,,,,,,,,,,,,,,,,,,,,,,,,,,,,,,,,,,,,,,,,,,,,,,,,,,,,,,,,,,,,,,,,,,,,,,,,,,,,,,,,,,,,,,,,,,,,,,,,,,,,,,,,,,,,,,,,,,,,,,,,,,,,,,,,,,,,,,,,,,,,,,,,,
u4ia_log,Transaction,NKZhoPaER-CSILz-xTeP4A,0.0,STARONE,42037303_86bc_4df8_bdb4_b97520246f99,1620207504719,0,,SUCCESS,BANKING_POST_FUND_TRANSFER,,,,BROWSER,RETAIL,,0,,,,,,,,,WEB,,,,False,,,0.0,82782,82782,,,,,,,,,,,,,0.0,0.0,0.0,,ZTRMdWtIRUNBU0I3TUhuRm5QSmM3QT09,VWpkY3VFSFpQc0c4bU9WNG1xMFRRQT09,VWpkY3VFSFpQc0c4bU9WNG1xMFRRQT09,ZUVFUk81MlAvVHRRcCtPOHJFMVU5dz09,100.0,Sched Xfer 05/05/2021 02:00:01,Regular Deposit,Share Draft,N/A,82782,DEFAULT,False,False,[],,,,,,,,,,,,,,,,,,,,,,,,,,,,,,,,,,,,,,,,,,,,,,,,,,,,,,,,,,,,,,,,,,,,,,,,,,,,,,,,,,,,,,,,,,,,,,,,,,,,,,,,,,,,,,,,,,,,,,,,,,,,,,,,,,,,,,,,,,,,,,,,,,,,,,,,,,,,,,,,,,,,,,,,,,,,,,,,,,,,,,,,,,,,,,,,,,,,,,,,,,,,,,,,,,,,,,,,,,,,,,,,,,,,,,,,,,,,,,,,,,,,,,,,,,,,,,,,,,,,,,,,,,,,,,,,,,,,,,,,,,,,,,,,,,,,,,,,,,,,,,,,,,,,,,,,,,,,,,,,,,,,,,,,,,,,,,,,,,,,,,,,,,,,,,,,,,,,,,,,,,,,,,,,,,,,,,,,,,,,,,,,,,,,,,,,,,,,,,,,,,,,,,,,,,,,,,,,,,,,,,,,,,,,,,,,,,,,
u4ia_log,Transaction,I092bE3ITUOZuU4KdYbinQ,0.0,STARONE,e1bf42ef_02b4_4d2d_9d08_a5a4774aa270,1620207532410,0,,SUCCESS,BANKING_POST_FUND_TRANSFER,,,,BROWSER,RETAIL,,0,,,,,,,,,WEB,,,,False,,,0.0,09AD4,09AD4,,,,,,,,,,,,,0.0,0.0,0.0,,cFBLMVRzTWN2cjhiVEw2MFNaRjZKUT09,MnhCNVNqOU9KQXZDOHZYWDBGNlF2UT09,MnhCNVNqOU9KQXZDOHZYWDBGNlF2UT09,ZksrTUoyQU50Nk1tNkY3alNvTFRNUT09,1000.0,Sched Xfer 05/05/2021 02:00:01 MEMO: Additional Payment,Regular Loan,Regular Deposit,N/A,09AD4,PRINCIPAL_AMOUNT,False,False,[],,,,,,,,,,,,,,,,,,,,,,,,,,,,,,,,,,,,,,,,,,,,,,,,,,,,,,,,,,,,,,,,,,,,,,,,,,,,,,,,,,,,,,,,,,,,,,,,,,,,,,,,,,,,,,,,,,,,,,,,,,,,,,,,,,,,,,,,,,,,,,,,,,,,,,,,,,,,,,,,,,,,,,,,,,,,,,,,,,,,,,,,,,,,,,,,,,,,,,,,,,,,,,,,,,,,,,,,,,,,,,,,,,,,,,,,,,,,,,,,,,,,,,,,,,,,,,,,,,,,,,,,,,,,,,,,,,,,,,,,,,,,,,,,,,,,,,,,,,,,,,,,,,,,,,,,,,,,,,,,,,,,,,,,,,,,,,,,,,,,,,,,,,,,,,,,,,,,,,,,,,,,,,,,,,,,,,,,,,,,,,,,,,,,,,,,,,,,,,,,,,,,,,,,,,,,,,,,,,,,,,,,,,,,,,,,,,,,
u4ia_log,Transaction,lHNlguCtQamsiTeA_t9iQQ,0.0,STARONE,02286e00_8d96_4239_8cfb_3539b6fc7850,1620207536552,11004,,FAILURE,Login,9.1.0.236,73.12.184.22,bd41303ae6d540369e177dcb58f4eda2,BROWSER,RETAIL,,0,,,,,N/A,r8NzxK3Qiwf5+xXLw0mkptypmyY8YUd+nD9/R9c3G/g=,,,WEB,10.0,COMPUTER,"Mozilla/5.0 (Windows NT 10.0; Win64; x64) AppleWebKit/537.36 (KHTML, like Gecko) Chrome/90.0.4430.93 Safari/537.36",,,,0.0,,,,,,,,VGpZbVdlT0xxZkFUZGJuWjB1UUxPQT09,ams4bnNpaTF3WDFyZUVBMzN4QVhZdz09,M3J2SGZ4NnhSV3VhTWduWExlcjJWdz09,dUN2UlIrWXNodTR1S3JETGlMcytWZz09,,,,,,,,,,,,,,,,,,,,,,,,,,,,,,,,,,,,,,,,,,,,,,,,,,,,,,,,,,,,,,,,,,,,,,,,,,,,,,,,,,,,,,,,,,,,,,,,,,,,,,,,,,,,,,,,,,,,,,,,,,,,,,,,,,,,,,,,,,,,,,,,,,,,,,,,,,,,,,,,,,,,,,,,,,,,,,,,,,MEMBER,,,,,,,,,,,,,,,,,,,,,,,,,,,,,,,,,,,,,,,,,,,,,,,,,,,,,,,,,,,,,,,,,,,,,,,,,,,,,,,,,,,,,,,,,,,,,,,,,,,,,,,,,,,,,,,,,,,,,,,,,,,,,,,,,,,,,,,,,,,,,,,,,,,,,,,,,,,,,,,,,,,,,,,,,,,,,,,,,,,,,,,,,,,,,,,,,,,,,,,,,,,,,,,,,,,,,,,,,,,,,,,,,,,,,,,,,,,,,,,,,,,,,,,,,,,,,,,,,,,,,,,,,,,,,,,,,,,,,,,
u4ia_log,Transaction,Y2Vh5f5NRiOaiBeMvuJQ2A,0.0,STARONE,e7824039_07f0_4d90_817b_fc85ec1321c0,1620207380371,0,,SUCCESS,BANKING_POST_FUND_TRANSFER,,,,BROWSER,RETAIL,,0,,,,,,,,,WEB,,,,False,,,0.0,571CE,571CE,,,,,,,,,,,,,0.0,0.0,0.0,,cFBLMVRzTWN2cjhiVEw2MFNaRjZKUT09,N3VKWDZvRWRFUFdFUktzNXVWdHpaZz09,N3VKWDZvRWRFUFdFUktzNXVWdHpaZz09,cFpYUzRsZlArMitFZHhyWjkvY3lEUT09,2506.86,Sched Xfer 05/05/2021 02:00:01,CNOM Loan,Regular Deposit,N/A,571CE,DEFAULT,False,False,[],,,,,,,,,,,,,,,,,,,,,,,,,,,,,,,,,,,,,,,,,,,,,,,,,,,,,,,,,,,,,,,,,,,,,,,,,,,,,,,,,,,,,,,,,,,,,,,,,,,,,,,,,,,,,,,,,,,,,,,,,,,,,,,,,,,,,,,,,,,,,,,,,,,,,,,,,,,,,,,,,,,,,,,,,,,,,,,,,,,,,,,,,,,,,,,,,,,,,,,,,,,,,,,,,,,,,,,,,,,,,,,,,,,,,,,,,,,,,,,,,,,,,,,,,,,,,,,,,,,,,,,,,,,,,,,,,,,,,,,,,,,,,,,,,,,,,,,,,,,,,,,,,,,,,,,,,,,,,,,,,,,,,,,,,,,,,,,,,,,,,,,,,,,,,,,,,,,,,,,,,,,,,,,,,,,,,,,,,,,,,,,,,,,,,,,,,,,,,,,,,,,,,,,,,,,,,,,,,,,,,,,,,,,,,,,,,,,,
u4ia_log,Transaction,4bEADrvoTu2U0nEgPWKuoA,0.0,STARONE,0b51e3dc_45b1_4703_91b7_e370d0327007,1620207394731,0,,SUCCESS,BANKING_POST_FUND_TRANSFER,,,,BROWSER,RETAIL,,0,,,,,,,,,WEB,,,,False,,,0.0,EF9FF,EF9FF,,,,,,,,,,,,,0.0,0.0,0.0,,ZTRMdWtIRUNBU0I3TUhuRm5QSmM3QT09,VS9LTXo3TmwwSjJkWVo2bE12UE1oQT09,VS9LTXo3TmwwSjJkWVo2bE12UE1oQT09,RUZPTi9vZWJpK0NqTlJXNHFSZU14QT09,100.0,Sched Xfer 05/05/2021 02:00:01,Regular Deposit,Share Draft,N/A,EF9FF,DEFAULT,False,False,[],,,,,,,,,,,,,,,,,,,,,,,,,,,,,,,,,,,,,,,,,,,,,,,,,,,,,,,,,,,,,,,,,,,,,,,,,,,,,,,,,,,,,,,,,,,,,,,,,,,,,,,,,,,,,,,,,,,,,,,,,,,,,,,,,,,,,,,,,,,,,,,,,,,,,,,,,,,,,,,,,,,,,,,,,,,,,,,,,,,,,,,,,,,,,,,,,,,,,,,,,,,,,,,,,,,,,,,,,,,,,,,,,,,,,,,,,,,,,,,,,,,,,,,,,,,,,,,,,,,,,,,,,,,,,,,,,,,,,,,,,,,,,,,,,,,,,,,,,,,,,,,,,,,,,,,,,,,,,,,,,,,,,,,,,,,,,,,,,,,,,,,,,,,,,,,,,,,,,,,,,,,,,,,,,,,,,,,,,,,,,,,,,,,,,,,,,,,,,,,,,,,,,,,,,,,,,,,,,,,,,,,,,,,,,,,,,,,,
u4ia_log,Transaction,ySxQquu7TsCsFRFP_8NshQ,0.0,STARONE,018dda0b_6fee_4e2e_8fbc_94331b30f363,1620207399763,0,A request to retrieve account history information  was attempted by an individual with the User ID = *******10 for the account with member number = ****1969 and account = 1. Status: SUCCESS,SUCCESS,BANKING_GET_BANKING_TRANSACTIONS,9.1.0.236,192.31.106.34,54182c62ae5b4583a88523bb17c99603,BROWSER,RETAIL,MEMBER,0,,,,,N/A,m6TEMTBJ6KOBF/RBJ7SJvVy35TAXNtBf7cHmIYILUIo=,Windows,,WEB,10.0,COMPUTER,Mozilla/5.0 (Windows NT 10.0; Win64; x64; rv:78.0) Gecko/20100101 Firefox/78.0,False,,,0.0,,,,,,,,aC9zVHZuOXdVa2dnSHdLeHpUZ2ErQT09,bkR5ZDVtZjU1UmVpS2U5V3NtR2krdz09,TEZxdXY4S0V2MzRzODJOVmFSbEdsUT09,bFlLb3NNUlZBNUVyaWk0ck9jUHpadz09,RlU4WDBrcDRlc0J5OWxSaWdlUkdzS0I0Z3NmNVc2aTFLUkg5SW9MUHNMbz0=,VFlwelNHWnY0eTkwWkVpQmRuVUNVQT09,T212YkdaYmp0NGthZ2FQQmUraWw1QT09,,,,,,,,,,,,,,,,,,,,,,,,,,,,,,,,,,,,,,,,,,,,,,,,,,,,,,,,,,,,,,,,,,,,,,,,,,,,,,,,,,,,,,,,,,,,,,,,,,,,,,,,,,,,,,,,,,,,,,,,,,,,,,,,,,,,,,,,,,,,,,,,,,,,,,,,,,,,,,,,,,,,,,,,,,,,,,,,,,,,,,,,,,,,,,,,,,,,,,,,,,,,,,,,,,,,,,,,,,,,,,,,,,,,,,,,,,,,,,,,,,,,,,,,,,,,,,,,,,,,,,,,,,,,,,,,,,,,,,,,,,,,,,,,,,,,,,,,,,,,,,,,,,,,,,,,,,,,,,,,,,,,,,,,,,,,,,,,,,,,,,,,,,,,,,,,,,,,,,,,,,,,,,,,,,,,,,,,,,,,,,,,,,,,,,,,,,,,,,,,,,,,,,,,,,,,,,,,,,,,,,,,,,,,,,,,,,,,,,,,,,,,,,,,,,,,,,
u4ia_log,Transaction,U2OSd0wKQP64GDIqtxXCGg,0.0,STARONE,f80595eb_d592_4bcb_9ad3_284d7e4ab023,1620207457835,0,,SUCCESS,BANKING_POST_FUND_TRANSFER,,,,BROWSER,RETAIL,,0,,,,,,,,,WEB,,,,False,,,0.0,268DF,268DF,,,,,,,,,,,,,0.0,0.0,0.0,,cFBLMVRzTWN2cjhiVEw2MFNaRjZKUT09,TUF4RUlLVEdyT1F1Y0NQeTVka0Radz09,TUF4RUlLVEdyT1F1Y0NQeTVka0Radz09,ZTRMdWtIRUNBU0I3TUhuRm5QSmM3QT09,4000.0,Sched Xfer 05/05/2021 02:00:01,Share Draft,Regular Deposit,N/A,268DF,DEFAULT,False,False,[],,,,,,,,,,,,,,,,,,,,,,,,,,,,,,,,,,,,,,,,,,,,,,,,,,,,,,,,,,,,,,,,,,,,,,,,,,,,,,,,,,,,,,,,,,,,,,,,,,,,,,,,,,,,,,,,,,,,,,,,,,,,,,,,,,,,,,,,,,,,,,,,,,,,,,,,,,,,,,,,,,,,,,,,,,,,,,,,,,,,,,,,,,,,,,,,,,,,,,,,,,,,,,,,,,,,,,,,,,,,,,,,,,,,,,,,,,,,,,,,,,,,,,,,,,,,,,,,,,,,,,,,,,,,,,,,,,,,,,,,,,,,,,,,,,,,,,,,,,,,,,,,,,,,,,,,,,,,,,,,,,,,,,,,,,,,,,,,,,,,,,,,,,,,,,,,,,,,,,,,,,,,,,,,,,,,,,,,,,,,,,,,,,,,,,,,,,,,,,,,,,,,,,,,,,,,,,,,,,,,,,,,,,,,,,,,,,,,
u4ia_log,Transaction,XUm_S4JvQV6IDoGZNnMpyA,0.0,STARONE,fa4cfd01_b955_42d5_bb16_7802004244a1,1620207462374,0,,SUCCESS,BANKING_POST_FUND_TRANSFER,,,,BROWSER,RETAIL,,0,,,,,,,,,WEB,,,,False,,,0.0,D58D3,D58D3,,,,,,,,,,,,,0.0,0.0,0.0,,aUdKQlpERWZTMVF6NWFzemNkVVpYZz09,M29TVitSY2xxQXFGRXlSRDQ1ejcvZz09,M29TVitSY2xxQXFGRXlSRDQ1ejcvZz09,ZTRMdWtIRUNBU0I3TUhuRm5QSmM3QT09,260.0,Sched Xfer 05/05/2021 02:00:01 MEMO: cover payment,Share Draft,Regular Deposit,N/A,D58D3,DEFAULT,False,False,[],,,,,,,,,,,,,,,,,,,,,,,,,,,,,,,,,,,,,,,,,,,,,,,,,,,,,,,,,,,,,,,,,,,,,,,,,,,,,,,,,,,,,,,,,,,,,,,,,,,,,,,,,,,,,,,,,,,,,,,,,,,,,,,,,,,,,,,,,,,,,,,,,,,,,,,,,,,,,,,,,,,,,,,,,,,,,,,,,,,,,,,,,,,,,,,,,,,,,,,,,,,,,,,,,,,,,,,,,,,,,,,,,,,,,,,,,,,,,,,,,,,,,,,,,,,,,,,,,,,,,,,,,,,,,,,,,,,,,,,,,,,,,,,,,,,,,,,,,,,,,,,,,,,,,,,,,,,,,,,,,,,,,,,,,,,,,,,,,,,,,,,,,,,,,,,,,,,,,,,,,,,,,,,,,,,,,,,,,,,,,,,,,,,,,,,,,,,,,,,,,,,,,,,,,,,,,,,,,,,,,,,,,,,,,,,,,,,,
u4ia_log,Transaction,fukgCRGZQrKlbroRbpMJXQ,0.0,STARONE,0b51e3dc_45b1_4703_91b7_e370d0327007,1620207482876,0,,SUCCESS,BANKING_POST_FUND_TRANSFER,,,,BROWSER,RETAIL,,0,,,,,,,,,WEB,,,,False,,,0.0,E4E4E,E4E4E,,,,,,,,,,,,,0.0,0.0,0.0,,ZTRMdWtIRUNBU0I3TUhuRm5QSmM3QT09,VS9LTXo3TmwwSjJkWVo2bE12UE1oQT09,VS9LTXo3TmwwSjJkWVo2bE12UE1oQT09,eWU0b1ltU1VWU2RoS3VsSGpLQjdkQT09,25.0,Sched Xfer 05/05/2021 02:00:01,Regular Deposit,Share Draft,N/A,E4E4E,DEFAULT,False,False,[],,,,,,,,,,,,,,,,,,,,,,,,,,,,,,,,,,,,,,,,,,,,,,,,,,,,,,,,,,,,,,,,,,,,,,,,,,,,,,,,,,,,,,,,,,,,,,,,,,,,,,,,,,,,,,,,,,,,,,,,,,,,,,,,,,,,,,,,,,,,,,,,,,,,,,,,,,,,,,,,,,,,,,,,,,,,,,,,,,,,,,,,,,,,,,,,,,,,,,,,,,,,,,,,,,,,,,,,,,,,,,,,,,,,,,,,,,,,,,,,,,,,,,,,,,,,,,,,,,,,,,,,,,,,,,,,,,,,,,,,,,,,,,,,,,,,,,,,,,,,,,,,,,,,,,,,,,,,,,,,,,,,,,,,,,,,,,,,,,,,,,,,,,,,,,,,,,,,,,,,,,,,,,,,,,,,,,,,,,,,,,,,,,,,,,,,,,,,,,,,,,,,,,,,,,,,,,,,,,,,,,,,,,,,,,,,,,,,
u4ia_log,Transaction,Lcu6aKYjTk-hf_5fNG9P9g,0.0,STARONE,02286e00_8d96_4239_8cfb_3539b6fc7850,1620207487866,11002,,FAILURE,Authentication_PWD,9.1.0.236,73.12.184.22,3c1642d78b524d209870777adb7d128d,BROWSER,RETAIL,,0,,,,,N/A,r8NzxK3Qiwf5+xXLw0mkptypmyY8YUd+nD9/R9c3G/g=,,,WEB,10.0,COMPUTER,"Mozilla/5.0 (Windows NT 10.0; Win64; x64) AppleWebKit/537.36 (KHTML, like Gecko) Chrome/90.0.4430.93 Safari/537.36",,,,0.0,,,,,,,,VGpZbVdlT0xxZkFUZGJuWjB1UUxPQT09,ams4bnNpaTF3WDFyZUVBMzN4QVhZdz09,M3J2SGZ4NnhSV3VhTWduWExlcjJWdz09,dUN2UlIrWXNodTR1S3JETGlMcytWZz09,,,,,,,,,,,,,,,,,,,,,,,,,,,,,,,,,,,,,,,,,,,,,,,,,,,,,,,,,,,,,,,,,,,,,,,,,,,,,,,,,,,,,,,,,,,,,,,,,,,,,,,,,,,,,,,,,,,,,,,,,,,,,,,,,,,,,,,,,,,,,,,,,,,,,,,,,,,,,,,,,,,,,,,,,,,,,,,,,,MEMBER,,,,,,,,,,,,,,,,,,,,,,,,,,,,,,,,,,,,,,,,,,,,,,,,,,,,,,,,,,,,,,,,,,,,,,,,,,,,,,,,,,,,,,,,,,,,,,,,,,,,,,,,,,,,,,,,,,,,,,,,,,,,,,,,,,,,,,,,,,,,,,,,,,,,,,,,,,,,,,,,,,,,,,,,,,,,,,,,,,,,,,,,,,,,,,,,,,,,,,,,,,,,,,,,,,,,,,,,,,,,,,,,,,,,,,,,,,,,,,,,,,,,,,,,,,,,,,,,,,,,,,,,,,,,,,,,,,,,,,,
u4ia_log,Transaction,kwSzQBLSRESK9ZrXFMySCg,0.0,STARONE,812a86bd_998d_413f_af3f_1ae2044a5fdd,1620207488022,0,,SUCCESS,BANKING_POST_FUND_TRANSFER,,,,BROWSER,RETAIL,,0,,,,,,,,,WEB,,,,False,,,0.0,D99D0,D99D0,,,,,,,,,,,,,0.0,0.0,0.0,,cFBLMVRzTWN2cjhiVEw2MFNaRjZKUT09,M1Avemp6VmU0U2l0WkdrZER6bXFUUT09,M1Avemp6VmU0U2l0WkdrZER6bXFUUT09,ZksrTUoyQU50Nk1tNkY3alNvTFRNUT09,556.83,Sched Xfer 05/05/2021 02:00:01,Regular Loan,Regular Deposit,N/A,D99D0,DEFAULT,False,False,[],,,,,,,,,,,,,,,,,,,,,,,,,,,,,,,,,,,,,,,,,,,,,,,,,,,,,,,,,,,,,,,,,,,,,,,,,,,,,,,,,,,,,,,,,,,,,,,,,,,,,,,,,,,,,,,,,,,,,,,,,,,,,,,,,,,,,,,,,,,,,,,,,,,,,,,,,,,,,,,,,,,,,,,,,,,,,,,,,,,,,,,,,,,,,,,,,,,,,,,,,,,,,,,,,,,,,,,,,,,,,,,,,,,,,,,,,,,,,,,,,,,,,,,,,,,,,,,,,,,,,,,,,,,,,,,,,,,,,,,,,,,,,,,,,,,,,,,,,,,,,,,,,,,,,,,,,,,,,,,,,,,,,,,,,,,,,,,,,,,,,,,,,,,,,,,,,,,,,,,,,,,,,,,,,,,,,,,,,,,,,,,,,,,,,,,,,,,,,,,,,,,,,,,,,,,,,,,,,,,,,,,,,,,,,,,,,,,,
u4ia_log,Transaction,liIQJ6R5Qg2xs0sXQZfJ-g,0.0,STARONE,b8eb61a6_6534_4d28_8b3c_e1ae5debad67,1620207496102,11006,,SUCCESS,Login,9.1.0.236,216.34.61.40,bfaf0ff0b75a49e685482ea15cca9046,BROWSER,RETAIL,,0,,,,,N/A,FJZIqCBp4qcMM57KGu24wFAZRJGBd3aZ5KvPymHVl4U=,,,WEB,N/A,COMPUTER,"Mozilla/5.0 (X11; Linux x86_64) AppleWebKit/537.36 (KHTML, like Gecko) Chrome/43.0.2357.125 Safari/537.36",,,,0.0,,,,,,,,a1ZZVzh2WU0xS2ZlTm5DQmdmbVR3Zz09,c0swak9jbUhOQmVlamlWY1dFVVNCZz09,dVIxVml6REVGd2xMMHJ2ZlVaR0tUZz09,dFF2eTJoN254N0QyeC9yUlEwSUpRQT09,bUtxYzlDd3VhbnAzRHZNTUlkR3B2WmR2VG1kL09DZzk2SjR3UnpwSllxUT0=,,,,,,,,,,,,,,,,,,,,,,,,,,,,,,,,,,,,,,,,,,,,,,,,,,,,,,,,,,,,,,,,,,,,,,,,,,,,,,,,,,,,,,,,,,,,,,,,,,,,,,,,,,,,,,,,,,,,,,,,,,,,,,,,,,,,,,,,,,,,,,,,,,,,,,,,,,,,,,,,,,,,,,,,,,,,,,,,,MEMBER,,,,,,,,,,,,,,,,,,,,,,,,,,,,,,,,,,,,,,,,,,,,,,,,,,,,,,,,,,,,,,,,,,,,,,,,,,,,,,,,,,,,,,,,,,,,,,,,,,,,,,,,,,,,,,,,,,,,,,,,,,,,,,,,,,,,,,,,,,,,,,,,,,,,,,,,,,,,,,,,,,,,,,,,,,,,,,,,,,,,,,,,,,,,,,,,,,,,,,,,,,,,,,,,,,,,,,,,,,,,,,,,,,,,,,,,,,,,,,,,,,,,,,,,,,,,,,,,,,,,,,,,,,,,,,,,,,,,,,,
u4ia_log,Transaction,KmyMLIU0Tbu_9clORXoc7g,0.0,STARONE,85ad7f63_34ab_4fd3_a363_706eba301edc,1620207509590,0,,SUCCESS,BANKING_POST_FUND_TRANSFER,,,,BROWSER,RETAIL,,0,,,,,,,,,WEB,,,,False,,,0.0,5EAF8,5EAF8,,,,,,,,,,,,,0.0,0.0,0.0,,cFBLMVRzTWN2cjhiVEw2MFNaRjZKUT09,VVNXNTAyTWFmbVlTZUJBdEd5WEVYdz09,czhNMWFpbEoxeGNxeG00OXBCckxTQT09,ZUVFUk81MlAvVHRRcCtPOHJFMVU5dz09,200.0,Sched Xfer 05/05/2021 02:00:01,Regular Deposit,Regular Deposit,N/A,5EAF8,DEFAULT,False,False,[],,,,,,,,,,,,,,,,,,,,,,,,,,,,,,,,,,,,,,,,,,,,,,,,,,,,,,,,,,,,,,,,,,,,,,,,,,,,,,,,,,,,,,,,,,,,,,,,,,,,,,,,,,,,,,,,,,,,,,,,,,,,,,,,,,,,,,,,,,,,,,,,,,,,,,,,,,,,,,,,,,,,,,,,,,,,,,,,,,,,,,,,,,,,,,,,,,,,,,,,,,,,,,,,,,,,,,,,,,,,,,,,,,,,,,,,,,,,,,,,,,,,,,,,,,,,,,,,,,,,,,,,,,,,,,,,,,,,,,,,,,,,,,,,,,,,,,,,,,,,,,,,,,,,,,,,,,,,,,,,,,,,,,,,,,,,,,,,,,,,,,,,,,,,,,,,,,,,,,,,,,,,,,,,,,,,,,,,,,,,,,,,,,,,,,,,,,,,,,,,,,,,,,,,,,,,,,,,,,,,,,,,,,,,,,,,,,,,
u4ia_log,Transaction,fsMGEzHjTWiEA_ovk6rvmw,0.0,STARONE,f4b80b77_fa8b_4587_82c0_e219fce007d0,1620207511835,0,,SUCCESS,BANKING_POST_FUND_TRANSFER,,,,BROWSER,RETAIL,,0,,,,,,,,,WEB,,,,False,,,0.0,B71BF,B71BF,,,,,,,,,,,,,0.0,0.0,0.0,,ZTRMdWtIRUNBU0I3TUhuRm5QSmM3QT09,RHhxMmtVRG1wYStGa1ZtbFBlOXVIdz09,RHhxMmtVRG1wYStGa1ZtbFBlOXVIdz09,cFBLMVRzTWN2cjhiVEw2MFNaRjZKUT09,500.0,Sched Xfer 05/05/2021 02:00:01,Regular Deposit,Share Draft,N/A,B71BF,DEFAULT,False,False,[],,,,,,,,,,,,,,,,,,,,,,,,,,,,,,,,,,,,,,,,,,,,,,,,,,,,,,,,,,,,,,,,,,,,,,,,,,,,,,,,,,,,,,,,,,,,,,,,,,,,,,,,,,,,,,,,,,,,,,,,,,,,,,,,,,,,,,,,,,,,,,,,,,,,,,,,,,,,,,,,,,,,,,,,,,,,,,,,,,,,,,,,,,,,,,,,,,,,,,,,,,,,,,,,,,,,,,,,,,,,,,,,,,,,,,,,,,,,,,,,,,,,,,,,,,,,,,,,,,,,,,,,,,,,,,,,,,,,,,,,,,,,,,,,,,,,,,,,,,,,,,,,,,,,,,,,,,,,,,,,,,,,,,,,,,,,,,,,,,,,,,,,,,,,,,,,,,,,,,,,,,,,,,,,,,,,,,,,,,,,,,,,,,,,,,,,,,,,,,,,,,,,,,,,,,,,,,,,,,,,,,,,,,,,,,,,,,,,
u4ia_log,Transaction,_udMQZeHRXW5gRg4jFREpw,0.0,STARONE,c5ad5d72_1c8a_4d0e_b498_1e20c7585f9b,1620207517060,0,,SUCCESS,BANKING_POST_FUND_TRANSFER,,,,BROWSER,RETAIL,,0,,,,,,,,,WEB,,,,False,,,0.0,77854,77854,,,,,,,,,,,,,0.0,0.0,0.0,,ZTRMdWtIRUNBU0I3TUhuRm5QSmM3QT09,OFQrUXVoeUZNaktySStDQVlwenlaZz09,OE02QmUrNW1UNTVCQUhkaklLM1ZsZz09,cFBLMVRzTWN2cjhiVEw2MFNaRjZKUT09,5.0,Sched Xfer 05/05/2021 02:00:01 MEMO: Transfer Memo: from Dad and Mom,Regular Deposit,Share Draft,N/A,77854,DEFAULT,False,False,[],,,,,,,,,,,,,,,,,,,,,,,,,,,,,,,,,,,,,,,,,,,,,,,,,,,,,,,,,,,,,,,,,,,,,,,,,,,,,,,,,,,,,,,,,,,,,,,,,,,,,,,,,,,,,,,,,,,,,,,,,,,,,,,,,,,,,,,,,,,,,,,,,,,,,,,,,,,,,,,,,,,,,,,,,,,,,,,,,,,,,,,,,,,,,,,,,,,,,,,,,,,,,,,,,,,,,,,,,,,,,,,,,,,,,,,,,,,,,,,,,,,,,,,,,,,,,,,,,,,,,,,,,,,,,,,,,,,,,,,,,,,,,,,,,,,,,,,,,,,,,,,,,,,,,,,,,,,,,,,,,,,,,,,,,,,,,,,,,,,,,,,,,,,,,,,,,,,,,,,,,,,,,,,,,,,,,,,,,,,,,,,,,,,,,,,,,,,,,,,,,,,,,,,,,,,,,,,,,,,,,,,,,,,,,,,,,,,,
u4ia_log,Transaction,Az0HWWSOSteYf2GXJHCA_A,0.0,STARONE,a75b5f9d_d698_4486_922b_c009a96cb3c7,1620207526337,0,,SUCCESS,BANKING_POST_FUND_TRANSFER,,,,BROWSER,RETAIL,,0,,,,,,,,,WEB,,,,False,,,0.0,8D179,8D179,,,,,,,,,,,,,0.0,0.0,0.0,,cFBLMVRzTWN2cjhiVEw2MFNaRjZKUT09,c3dub3ZrRVZkdmR6cFdOUGdEUEtIdz09,c3dub3ZrRVZkdmR6cFdOUGdEUEtIdz09,ZUVFUk81MlAvVHRRcCtPOHJFMVU5dz09,247.0,Sched Xfer 05/05/2021 02:00:01 MEMO: Life Home and Property ,Regular Deposit,Regular Deposit,N/A,8D179,DEFAULT,False,False,[],,,,,,,,,,,,,,,,,,,,,,,,,,,,,,,,,,,,,,,,,,,,,,,,,,,,,,,,,,,,,,,,,,,,,,,,,,,,,,,,,,,,,,,,,,,,,,,,,,,,,,,,,,,,,,,,,,,,,,,,,,,,,,,,,,,,,,,,,,,,,,,,,,,,,,,,,,,,,,,,,,,,,,,,,,,,,,,,,,,,,,,,,,,,,,,,,,,,,,,,,,,,,,,,,,,,,,,,,,,,,,,,,,,,,,,,,,,,,,,,,,,,,,,,,,,,,,,,,,,,,,,,,,,,,,,,,,,,,,,,,,,,,,,,,,,,,,,,,,,,,,,,,,,,,,,,,,,,,,,,,,,,,,,,,,,,,,,,,,,,,,,,,,,,,,,,,,,,,,,,,,,,,,,,,,,,,,,,,,,,,,,,,,,,,,,,,,,,,,,,,,,,,,,,,,,,,,,,,,,,,,,,,,,,,,,,,,,,
u4ia_log,Transaction,5wMqcnIQTB2fAvEPswM4Og,0.0,STARONE,2bc9c622_2764_4f1f_bd0d_63cce43bedb3,1620207363615,0,,SUCCESS,BANKING_POST_FUND_TRANSFER,,,,BROWSER,RETAIL,,0,,,,,,,,,WEB,,,,False,,,0.0,AA204,AA204,,,,,,,,,,,,,0.0,0.0,0.0,,ZTRMdWtIRUNBU0I3TUhuRm5QSmM3QT09,UFdZTVpoMGtGMjdUbEp6NGM5bnRvZz09,UFdZTVpoMGtGMjdUbEp6NGM5bnRvZz09,bzE5UEgrbHVpRzNkVG9tRmh0NFFwdz09,500.0,Sched Xfer 05/05/2021 02:00:01 MEMO: Brian's car.,Line Of Credit,Share Draft,N/A,AA204,DEFAULT,False,False,[],,,,,,,,,,,,,,,,,,,,,,,,,,,,,,,,,,,,,,,,,,,,,,,,,,,,,,,,,,,,,,,,,,,,,,,,,,,,,,,,,,,,,,,,,,,,,,,,,,,,,,,,,,,,,,,,,,,,,,,,,,,,,,,,,,,,,,,,,,,,,,,,,,,,,,,,,,,,,,,,,,,,,,,,,,,,,,,,,,,,,,,,,,,,,,,,,,,,,,,,,,,,,,,,,,,,,,,,,,,,,,,,,,,,,,,,,,,,,,,,,,,,,,,,,,,,,,,,,,,,,,,,,,,,,,,,,,,,,,,,,,,,,,,,,,,,,,,,,,,,,,,,,,,,,,,,,,,,,,,,,,,,,,,,,,,,,,,,,,,,,,,,,,,,,,,,,,,,,,,,,,,,,,,,,,,,,,,,,,,,,,,,,,,,,,,,,,,,,,,,,,,,,,,,,,,,,,,,,,,,,,,,,,,,,,,,,,,,
u4ia_log,Transaction,cHlvqQEZS1yF9csWKrq0aQ,0.0,STARONE,40d33599_45f0_437e_b92f_23b8ba6c922a,1620207364721,0,A request to retrieve cross account information was attempted by an individual with the User ID = *****10. Status: SUCCESS,SUCCESS,BANKING_GET_SPECIFIC_MEMBERS_CROSS_ACCOUNTS_DETAILS,9.1.0.236,108.72.124.253,fe0d88ab8a6f484abcf54a1490226b57,BROWSER,RETAIL,MEMBER,0,,,,,N/A,YT02hBx8hb+c/HexkW2apThO/xk4Y/e4qZb04NdHVGQ=,Windows,,WEB,10.0,COMPUTER,Mozilla/5.0 (Windows NT 10.0; Win64; x64; rv:88.0) Gecko/20100101 Firefox/88.0,False,,,0.0,,,,,,,,MUxJYzd3bFlRbHdzTk9uZEpmQXR4Zz09,eWo5UmJva0xmUlhZQ2oyYVI0elByZz09,SkM5K0lwNzMvRytkV2lOTStFM3VIQT09,bFlLb3NNUlZBNUVyaWk0ck9jUHpadz09,Y3pzdnYvTjhCcUJpU1c0OXA3UThwQ1kzSTBjMGxLREFvbWIvQ1lJK3d5MD0=,"MUxJYzd3bFlRbHdzTk9uZEpmQXR4Zz09,bnRsb3NIZXpuOHNSL0h3OE15cHd0QT09,aWtyeExiTGVhVThpOHIyMnFGc0JTZz09",NjFsYi9YdHYxNlJMOUQreVZ2T0RuZz09,,,,,,,,,,,,,,,,,,,,,,,,,,,,,,,,,,,,,,,,,,,,,,,,,,,,,,,,,,,,,,,,,,,,,,,,,,,,,,,,,,,,,,,,,,,,,,,,,,,,,,,,,,,,,,,,,,,,,,,,,,,,,,,,,,,,,,,,,,,,,,,,,,,,,,,,,,,,,,,,,,,,,,,,,,,,,,,,,,,,,,,,,,,,,,,,,,,,,,,,,,,,,,,,,,,,,,,,,,,,,,,,,,,,,,,,,,,,,,,,,,,,,,,,,,,,,,,,,,,,,,,,,,,,,,,,,,,,,,,,,,,,,,,,,,,,,,,,,,,,,,,,,,,,,,,,,,,,,,,,,,,,,,,,,,,,,,,,,,,,,,,,,,,,,,,,,,,,,,,,,,,,,,,,,,,,,,,,,,,,,,,,,,,,,,,,,,,,,,,,,,,,,,,,,,,,,,,,,,,,,,,,,,,,,,,,,,,,,,,,,,,,,,,,,,,,,,
u4ia_log,Transaction,BAVy46ZsTD-fE4PSEzQriw,0.0,STARONE,294fd947_2081_4601_a68a_2e3079372368,1620207372662,0,,SUCCESS,BANKING_POST_FUND_TRANSFER,,,,BROWSER,RETAIL,,0,,,,,,,,,WEB,,,,False,,,0.0,F09AB,F09AB,,,,,,,,,,,,,0.0,0.0,0.0,,cFBLMVRzTWN2cjhiVEw2MFNaRjZKUT09,NjI4L2NBeUFDRFAxd1dKanEvemY5UT09,NjI4L2NBeUFDRFAxd1dKanEvemY5UT09,YkV0aVpSQ0F5dWFLcTBzcnVvK0dFUT09,3477.74,Sched Xfer 05/05/2021 02:00:01,CNOM Loan,Regular Deposit,N/A,F09AB,DEFAULT,False,False,[],,,,,,,,,,,,,,,,,,,,,,,,,,,,,,,,,,,,,,,,,,,,,,,,,,,,,,,,,,,,,,,,,,,,,,,,,,,,,,,,,,,,,,,,,,,,,,,,,,,,,,,,,,,,,,,,,,,,,,,,,,,,,,,,,,,,,,,,,,,,,,,,,,,,,,,,,,,,,,,,,,,,,,,,,,,,,,,,,,,,,,,,,,,,,,,,,,,,,,,,,,,,,,,,,,,,,,,,,,,,,,,,,,,,,,,,,,,,,,,,,,,,,,,,,,,,,,,,,,,,,,,,,,,,,,,,,,,,,,,,,,,,,,,,,,,,,,,,,,,,,,,,,,,,,,,,,,,,,,,,,,,,,,,,,,,,,,,,,,,,,,,,,,,,,,,,,,,,,,,,,,,,,,,,,,,,,,,,,,,,,,,,,,,,,,,,,,,,,,,,,,,,,,,,,,,,,,,,,,,,,,,,,,,,,,,,,,,,
u4ia_log,Transaction,_o6bB9wzRt6k83_iK1FbNQ,0.0,STARONE,6c6ce7ab_d768_4cab_8656_db35d551e1a1,1620207383997,0,,SUCCESS,BANKING_POST_FUND_TRANSFER,,,,BROWSER,RETAIL,,0,,,,,,,,,WEB,,,,False,,,0.0,EB907,EB907,,,,,,,,,,,,,0.0,0.0,0.0,,cFBLMVRzTWN2cjhiVEw2MFNaRjZKUT09,ZGs1aEdSVHN2RklJVm5Eck5acVJ5QT09,T1dCZkxtRjVHQitDSUxuWS9aelplQT09,TFEzR2NBajVXNk5HWnV0TmFQNDRnZz09,6789.53,Sched Xfer 05/05/2021 02:00:01,Credit Card,Regular Deposit,N/A,EB907,DEFAULT,False,False,[],,,,,,,,,,,,,,,,,,,,,,,,,,,,,,,,,,,,,,,,,,,,,,,,,,,,,,,,,,,,,,,,,,,,,,,,,,,,,,,,,,,,,,,,,,,,,,,,,,,,,,,,,,,,,,,,,,,,,,,,,,,,,,,,,,,,,,,,,,,,,,,,,,,,,,,,,,,,,,,,,,,,,,,,,,,,,,,,,,,,,,,,,,,,,,,,,,,,,,,,,,,,,,,,,,,,,,,,,,,,,,,,,,,,,,,,,,,,,,,,,,,,,,,,,,,,,,,,,,,,,,,,,,,,,,,,,,,,,,,,,,,,,,,,,,,,,,,,,,,,,,,,,,,,,,,,,,,,,,,,,,,,,,,,,,,,,,,,,,,,,,,,,,,,,,,,,,,,,,,,,,,,,,,,,,,,,,,,,,,,,,,,,,,,,,,,,,,,,,,,,,,,,,,,,,,,,,,,,,,,,,,,,,,,,,,,,,,,
u4ia_log,Transaction,I0l6pLHARM6eK9pb8llHPQ,0.0,STARONE,a27a9bdf_7358_497a_9e11_f76919de5bef,1620207388881,0,,SUCCESS,BANKING_POST_FUND_TRANSFER,,,,BROWSER,RETAIL,,0,,,,,,,,,WEB,,,,False,,,0.0,AC86F,AC86F,,,,,,,,,,,,,0.0,0.0,0.0,,cFBLMVRzTWN2cjhiVEw2MFNaRjZKUT09,SDVLUS93bEVIY2RzSWFSV2FkcFh5dz09,SDVLUS93bEVIY2RzSWFSV2FkcFh5dz09,ZTRMdWtIRUNBU0I3TUhuRm5QSmM3QT09,1500.0,Sched Xfer 05/05/2021 02:00:01,Share Draft,Regular Deposit,N/A,AC86F,DEFAULT,False,False,[],,,,,,,,,,,,,,,,,,,,,,,,,,,,,,,,,,,,,,,,,,,,,,,,,,,,,,,,,,,,,,,,,,,,,,,,,,,,,,,,,,,,,,,,,,,,,,,,,,,,,,,,,,,,,,,,,,,,,,,,,,,,,,,,,,,,,,,,,,,,,,,,,,,,,,,,,,,,,,,,,,,,,,,,,,,,,,,,,,,,,,,,,,,,,,,,,,,,,,,,,,,,,,,,,,,,,,,,,,,,,,,,,,,,,,,,,,,,,,,,,,,,,,,,,,,,,,,,,,,,,,,,,,,,,,,,,,,,,,,,,,,,,,,,,,,,,,,,,,,,,,,,,,,,,,,,,,,,,,,,,,,,,,,,,,,,,,,,,,,,,,,,,,,,,,,,,,,,,,,,,,,,,,,,,,,,,,,,,,,,,,,,,,,,,,,,,,,,,,,,,,,,,,,,,,,,,,,,,,,,,,,,,,,,,,,,,,,,
u4ia_log,Transaction,M2i13-t5RUqmRHS017H-HA,0.0,STARONE,2a8ae000_4f87_4641_9cad_5bc0d6a27f77,1620207399885,0,,SUCCESS,BANKING_POST_FUND_TRANSFER,,,,BROWSER,RETAIL,,0,,,,,,,,,WEB,,,,False,,,0.0,DBA01,DBA01,,,,,,,,,,,,,0.0,0.0,0.0,,ZTRMdWtIRUNBU0I3TUhuRm5QSmM3QT09,dlhtNUI3dHpVaHdzU2RGWTVJUDhIQT09,dlhtNUI3dHpVaHdzU2RGWTVJUDhIQT09,aUdKQlpERWZTMVF6NWFzemNkVVpYZz09,5.0,Sched Xfer 05/05/2021 02:00:01,Regular Deposit,Share Draft,N/A,DBA01,DEFAULT,False,False,[],,,,,,,,,,,,,,,,,,,,,,,,,,,,,,,,,,,,,,,,,,,,,,,,,,,,,,,,,,,,,,,,,,,,,,,,,,,,,,,,,,,,,,,,,,,,,,,,,,,,,,,,,,,,,,,,,,,,,,,,,,,,,,,,,,,,,,,,,,,,,,,,,,,,,,,,,,,,,,,,,,,,,,,,,,,,,,,,,,,,,,,,,,,,,,,,,,,,,,,,,,,,,,,,,,,,,,,,,,,,,,,,,,,,,,,,,,,,,,,,,,,,,,,,,,,,,,,,,,,,,,,,,,,,,,,,,,,,,,,,,,,,,,,,,,,,,,,,,,,,,,,,,,,,,,,,,,,,,,,,,,,,,,,,,,,,,,,,,,,,,,,,,,,,,,,,,,,,,,,,,,,,,,,,,,,,,,,,,,,,,,,,,,,,,,,,,,,,,,,,,,,,,,,,,,,,,,,,,,,,,,,,,,,,,,,,,,,,
u4ia_log,Transaction,2e0MJfoFQdO259LuvwUlwA,0.0,STARONE,b81840d1_13ec_496e_9df9_581579236f41,1620207403152,0,,SUCCESS,BANKING_POST_FUND_TRANSFER,,,,BROWSER,RETAIL,,0,,,,,,,,,WEB,,,,False,,,0.0,DD969,DD969,,,,,,,,,,,,,0.0,0.0,0.0,,cFBLMVRzTWN2cjhiVEw2MFNaRjZKUT09,dWNQYkVnV01ZenYwbTA4RXpvSU84QT09,dWNQYkVnV01ZenYwbTA4RXpvSU84QT09,ZksrTUoyQU50Nk1tNkY3alNvTFRNUT09,441.33,Sched Xfer 05/05/2021 02:00:01,Regular Loan,Regular Deposit,N/A,DD969,DEFAULT,False,False,[],,,,,,,,,,,,,,,,,,,,,,,,,,,,,,,,,,,,,,,,,,,,,,,,,,,,,,,,,,,,,,,,,,,,,,,,,,,,,,,,,,,,,,,,,,,,,,,,,,,,,,,,,,,,,,,,,,,,,,,,,,,,,,,,,,,,,,,,,,,,,,,,,,,,,,,,,,,,,,,,,,,,,,,,,,,,,,,,,,,,,,,,,,,,,,,,,,,,,,,,,,,,,,,,,,,,,,,,,,,,,,,,,,,,,,,,,,,,,,,,,,,,,,,,,,,,,,,,,,,,,,,,,,,,,,,,,,,,,,,,,,,,,,,,,,,,,,,,,,,,,,,,,,,,,,,,,,,,,,,,,,,,,,,,,,,,,,,,,,,,,,,,,,,,,,,,,,,,,,,,,,,,,,,,,,,,,,,,,,,,,,,,,,,,,,,,,,,,,,,,,,,,,,,,,,,,,,,,,,,,,,,,,,,,,,,,,,,,
u4ia_log,Transaction,6m3Oc7AcTgqzPSX-B0J28A,0.0,STARONE,018dda0b_6fee_4e2e_8fbc_94331b30f363,1620207434532,0,,SUCCESS,BILLPAY_GET_ALL_PAYEE_TRANSACTIONS,9.1.0.236,192.35.35.34,54182c62ae5b4583a88523bb17c99603,BROWSER,RETAIL,MEMBER,0,,,,,N/A,m6TEMTBJ6KOBF/RBJ7SJvVy35TAXNtBf7cHmIYILUIo=,Windows,,WEB,10.0,COMPUTER,Mozilla/5.0 (Windows NT 10.0; Win64; x64; rv:78.0) Gecko/20100101 Firefox/78.0,False,,,0.0,,,,,,,,aC9zVHZuOXdVa2dnSHdLeHpUZ2ErQT09,bkR5ZDVtZjU1UmVpS2U5V3NtR2krdz09,TEZxdXY4S0V2MzRzODJOVmFSbEdsUT09,bFlLb3NNUlZBNUVyaWk0ck9jUHpadz09,RlU4WDBrcDRlc0J5OWxSaWdlUkdzS0I0Z3NmNVc2aTFLUkg5SW9MUHNMbz0=,VFlwelNHWnY0eTkwWkVpQmRuVUNVQT09,T212YkdaYmp0NGthZ2FQQmUraWw1QT09,,,,,,,,,,,,,,,,,,,,,,,,,,,,,,,,,,,,,,,,,,,,,,,,,,,,,,,,,,,,,,,,,,,,,,,,,,,,,,,,,,,,,,,,,,,,,,,,,,,,,,,,,,,,,,,,,,,,,,,,,,,,,,,,,,,,,,,,,,,,,,,,,,,,,,,,,,,,,,,,,,,,,,,,,,,,,,,,,,,,,,,,,,,,,,,,,,,,,,,,,,,,,,,,,,,,,,,,,,,,,,,,,,,,,,,,,,,,,,,,,,,,,,,,,,,,,,,,,,,,,,,,,,,,,,,,,,,,,,,,,,,,,,,,,,,,,,,,,,,,,,,,,,,,,,,,,,,,,,,,,,,,,,,,,,,,,,,,,,,,,,,,,,,,,,,,,,,,,,,,,,,,,,,,,,,,,,,,,,,,,,,,,,,,,,,,,,,,,,,,,,,,,,,,,,,,,,,,,,,,,,,,,,,,,,,,,,,,,,,,,,,,,,,,,,,,,,
u4ia_log,Transaction,X76-zJqhT_StuZ7AQxyDKw,0.0,STARONE,47c70858_bde2_45f7_994b_0071c8ab658f,1620207445590,0,,SUCCESS,BANKING_POST_FUND_TRANSFER,,,,BROWSER,RETAIL,,0,,,,,,,,,WEB,,,,False,,,0.0,A8505,A8505,,,,,,,,,,,,,0.0,0.0,0.0,,cFBLMVRzTWN2cjhiVEw2MFNaRjZKUT09,RTBNN25IbE5ZTEFhMkJteGtnWGdHZz09,OFF2OXkyTzhUQnhBZXhrYkNyTjFiUT09,cFBLMVRzTWN2cjhiVEw2MFNaRjZKUT09,200.0,Sched Xfer 05/05/2021 02:00:01 MEMO: monthly,Regular Deposit,Regular Deposit,N/A,A8505,DEFAULT,False,False,[],,,,,,,,,,,,,,,,,,,,,,,,,,,,,,,,,,,,,,,,,,,,,,,,,,,,,,,,,,,,,,,,,,,,,,,,,,,,,,,,,,,,,,,,,,,,,,,,,,,,,,,,,,,,,,,,,,,,,,,,,,,,,,,,,,,,,,,,,,,,,,,,,,,,,,,,,,,,,,,,,,,,,,,,,,,,,,,,,,,,,,,,,,,,,,,,,,,,,,,,,,,,,,,,,,,,,,,,,,,,,,,,,,,,,,,,,,,,,,,,,,,,,,,,,,,,,,,,,,,,,,,,,,,,,,,,,,,,,,,,,,,,,,,,,,,,,,,,,,,,,,,,,,,,,,,,,,,,,,,,,,,,,,,,,,,,,,,,,,,,,,,,,,,,,,,,,,,,,,,,,,,,,,,,,,,,,,,,,,,,,,,,,,,,,,,,,,,,,,,,,,,,,,,,,,,,,,,,,,,,,,,,,,,,,,,,,,,,
u4ia_log,Transaction,60FEGXrWTZOQhw2VFDGqnA,0.0,STARONE,0fb97cad_98ff_4bd9_a73a_383b055b709c,1620207464879,0,,SUCCESS,BANKING_POST_FUND_TRANSFER,,,,BROWSER,RETAIL,,0,,,,,,,,,WEB,,,,False,,,0.0,55096,55096,,,,,,,,,,,,,0.0,0.0,0.0,,cFBLMVRzTWN2cjhiVEw2MFNaRjZKUT09,ZGp2dmQrZis3Q2FjTzZoMjlOc0F0dz09,ZGp2dmQrZis3Q2FjTzZoMjlOc0F0dz09,ZTRMdWtIRUNBU0I3TUhuRm5QSmM3QT09,13.0,Sched Xfer 05/05/2021 02:00:01,Share Draft,Regular Deposit,N/A,55096,DEFAULT,False,False,[],,,,,,,,,,,,,,,,,,,,,,,,,,,,,,,,,,,,,,,,,,,,,,,,,,,,,,,,,,,,,,,,,,,,,,,,,,,,,,,,,,,,,,,,,,,,,,,,,,,,,,,,,,,,,,,,,,,,,,,,,,,,,,,,,,,,,,,,,,,,,,,,,,,,,,,,,,,,,,,,,,,,,,,,,,,,,,,,,,,,,,,,,,,,,,,,,,,,,,,,,,,,,,,,,,,,,,,,,,,,,,,,,,,,,,,,,,,,,,,,,,,,,,,,,,,,,,,,,,,,,,,,,,,,,,,,,,,,,,,,,,,,,,,,,,,,,,,,,,,,,,,,,,,,,,,,,,,,,,,,,,,,,,,,,,,,,,,,,,,,,,,,,,,,,,,,,,,,,,,,,,,,,,,,,,,,,,,,,,,,,,,,,,,,,,,,,,,,,,,,,,,,,,,,,,,,,,,,,,,,,,,,,,,,,,,,,,,,
u4ia_log,Transaction,lw4NFA05SSem55m6Bv-93g,0.0,STARONE,05ebe56d_e821_4182_a6d5_883000e6b4fc,1620207469984,0,,SUCCESS,BANKING_POST_FUND_TRANSFER,,,,BROWSER,RETAIL,,0,,,,,,,,,WEB,,,,False,,,0.0,4BE19,4BE19,,,,,,,,,,,,,0.0,0.0,0.0,,ZTRMdWtIRUNBU0I3TUhuRm5QSmM3QT09,RUt3M2NKRjZjQ1hsWlAxZ2FJYUp5QT09,Nmd2VGdkMDk2Wm9vSDlnYW1HQndQUT09,ZTRMdWtIRUNBU0I3TUhuRm5QSmM3QT09,100.0,Sched Xfer 05/05/2021 02:00:01 MEMO: Monthly stipend,Share Draft,Share Draft,N/A,4BE19,DEFAULT,False,False,[],,,,,,,,,,,,,,,,,,,,,,,,,,,,,,,,,,,,,,,,,,,,,,,,,,,,,,,,,,,,,,,,,,,,,,,,,,,,,,,,,,,,,,,,,,,,,,,,,,,,,,,,,,,,,,,,,,,,,,,,,,,,,,,,,,,,,,,,,,,,,,,,,,,,,,,,,,,,,,,,,,,,,,,,,,,,,,,,,,,,,,,,,,,,,,,,,,,,,,,,,,,,,,,,,,,,,,,,,,,,,,,,,,,,,,,,,,,,,,,,,,,,,,,,,,,,,,,,,,,,,,,,,,,,,,,,,,,,,,,,,,,,,,,,,,,,,,,,,,,,,,,,,,,,,,,,,,,,,,,,,,,,,,,,,,,,,,,,,,,,,,,,,,,,,,,,,,,,,,,,,,,,,,,,,,,,,,,,,,,,,,,,,,,,,,,,,,,,,,,,,,,,,,,,,,,,,,,,,,,,,,,,,,,,,,,,,,,,
u4ia_log,Transaction,E13yDAfAQjOpetgKBGkPeg,0.0,STARONE,2fd2eeb2_e692_481f_9d80_d0f5a9898785,1620207480150,0,,SUCCESS,BANKING_POST_FUND_TRANSFER,,,,BROWSER,RETAIL,,0,,,,,,,,,WEB,,,,False,,,0.0,9D9F0,9D9F0,,,,,,,,,,,,,0.0,0.0,0.0,,ZTRMdWtIRUNBU0I3TUhuRm5QSmM3QT09,TDVaMjhJL29kM3dJajloYS9sQWgwdz09,TDVaMjhJL29kM3dJajloYS9sQWgwdz09,cFBLMVRzTWN2cjhiVEw2MFNaRjZKUT09,400.0,Sched Xfer 05/05/2021 02:00:01 MEMO: Update transfer,Regular Deposit,Share Draft,N/A,9D9F0,DEFAULT,False,False,[],,,,,,,,,,,,,,,,,,,,,,,,,,,,,,,,,,,,,,,,,,,,,,,,,,,,,,,,,,,,,,,,,,,,,,,,,,,,,,,,,,,,,,,,,,,,,,,,,,,,,,,,,,,,,,,,,,,,,,,,,,,,,,,,,,,,,,,,,,,,,,,,,,,,,,,,,,,,,,,,,,,,,,,,,,,,,,,,,,,,,,,,,,,,,,,,,,,,,,,,,,,,,,,,,,,,,,,,,,,,,,,,,,,,,,,,,,,,,,,,,,,,,,,,,,,,,,,,,,,,,,,,,,,,,,,,,,,,,,,,,,,,,,,,,,,,,,,,,,,,,,,,,,,,,,,,,,,,,,,,,,,,,,,,,,,,,,,,,,,,,,,,,,,,,,,,,,,,,,,,,,,,,,,,,,,,,,,,,,,,,,,,,,,,,,,,,,,,,,,,,,,,,,,,,,,,,,,,,,,,,,,,,,,,,,,,,,,,
u4ia_log,Transaction,nnYWubS2QXW4rbHrql6fFw,0.0,STARONE,5d534b61_b37b_43a6_8843_fd59852dddd5,1620207490724,0,,SUCCESS,BANKING_POST_FUND_TRANSFER,,,,BROWSER,RETAIL,,0,,,,,,,,,WEB,,,,False,,,0.0,3BFDD,3BFDD,,,,,,,,,,,,,0.0,0.0,0.0,,ZTRMdWtIRUNBU0I3TUhuRm5QSmM3QT09,N0ZBdzBEV3M0L3FZUDJDdTdoMEhsQT09,N0ZBdzBEV3M0L3FZUDJDdTdoMEhsQT09,cFpYUzRsZlArMitFZHhyWjkvY3lEUT09,749.79,Sched Xfer 05/05/2021 02:00:01 MEMO: Orlando mortgage,CNOM Loan,Share Draft,N/A,3BFDD,DEFAULT,False,False,[],,,,,,,,,,,,,,,,,,,,,,,,,,,,,,,,,,,,,,,,,,,,,,,,,,,,,,,,,,,,,,,,,,,,,,,,,,,,,,,,,,,,,,,,,,,,,,,,,,,,,,,,,,,,,,,,,,,,,,,,,,,,,,,,,,,,,,,,,,,,,,,,,,,,,,,,,,,,,,,,,,,,,,,,,,,,,,,,,,,,,,,,,,,,,,,,,,,,,,,,,,,,,,,,,,,,,,,,,,,,,,,,,,,,,,,,,,,,,,,,,,,,,,,,,,,,,,,,,,,,,,,,,,,,,,,,,,,,,,,,,,,,,,,,,,,,,,,,,,,,,,,,,,,,,,,,,,,,,,,,,,,,,,,,,,,,,,,,,,,,,,,,,,,,,,,,,,,,,,,,,,,,,,,,,,,,,,,,,,,,,,,,,,,,,,,,,,,,,,,,,,,,,,,,,,,,,,,,,,,,,,,,,,,,,,,,,,,,
u4ia_log,Transaction,S8RHuCUISSqzlYjtUonabw,0.0,STARONE,afdf5d4a_8811_462a_a985_75381c378eda,1620207496723,0,,SUCCESS,BANKING_POST_FUND_TRANSFER,,,,BROWSER,RETAIL,,0,,,,,,,,,WEB,,,,False,,,0.0,2A575,2A575,,,,,,,,,,,,,0.0,0.0,0.0,,cFBLMVRzTWN2cjhiVEw2MFNaRjZKUT09,Sk5tQ3hkbUFBa1BlVkZ4R2p0RDNjQT09,Sk5tQ3hkbUFBa1BlVkZ4R2p0RDNjQT09,MFZLSjlzZmU0Rjcrell6M2s5Y2xsdz09,175.0,Sched Xfer 05/05/2021 02:00:01,Regular Loan,Regular Deposit,N/A,2A575,DEFAULT,False,False,[],,,,,,,,,,,,,,,,,,,,,,,,,,,,,,,,,,,,,,,,,,,,,,,,,,,,,,,,,,,,,,,,,,,,,,,,,,,,,,,,,,,,,,,,,,,,,,,,,,,,,,,,,,,,,,,,,,,,,,,,,,,,,,,,,,,,,,,,,,,,,,,,,,,,,,,,,,,,,,,,,,,,,,,,,,,,,,,,,,,,,,,,,,,,,,,,,,,,,,,,,,,,,,,,,,,,,,,,,,,,,,,,,,,,,,,,,,,,,,,,,,,,,,,,,,,,,,,,,,,,,,,,,,,,,,,,,,,,,,,,,,,,,,,,,,,,,,,,,,,,,,,,,,,,,,,,,,,,,,,,,,,,,,,,,,,,,,,,,,,,,,,,,,,,,,,,,,,,,,,,,,,,,,,,,,,,,,,,,,,,,,,,,,,,,,,,,,,,,,,,,,,,,,,,,,,,,,,,,,,,,,,,,,,,,,,,,,,,
u4ia_log,Transaction,lTeTgXIbToaM1J8_a0tVKg,0.0,STARONE,2c6e1cdb_f378_41c3_aed0_819d22adfe2e,1620207528940,0,,SUCCESS,BANKING_POST_FUND_TRANSFER,,,,BROWSER,RETAIL,,0,,,,,,,,,WEB,,,,False,,,0.0,ED298,ED298,,,,,,,,,,,,,0.0,0.0,0.0,,ZTRMdWtIRUNBU0I3TUhuRm5QSmM3QT09,MDhuUFpZS2VaMTZia2JlVE5ZcERWUT09,MDhuUFpZS2VaMTZia2JlVE5ZcERWUT09,cFpYUzRsZlArMitFZHhyWjkvY3lEUT09,100.0,Sched Xfer 05/05/2021 02:00:01 MEMO: Transfer Memo: to principal,CNOM Loan,Share Draft,N/A,ED298,PRINCIPAL_AMOUNT,False,False,[],,,,,,,,,,,,,,,,,,,,,,,,,,,,,,,,,,,,,,,,,,,,,,,,,,,,,,,,,,,,,,,,,,,,,,,,,,,,,,,,,,,,,,,,,,,,,,,,,,,,,,,,,,,,,,,,,,,,,,,,,,,,,,,,,,,,,,,,,,,,,,,,,,,,,,,,,,,,,,,,,,,,,,,,,,,,,,,,,,,,,,,,,,,,,,,,,,,,,,,,,,,,,,,,,,,,,,,,,,,,,,,,,,,,,,,,,,,,,,,,,,,,,,,,,,,,,,,,,,,,,,,,,,,,,,,,,,,,,,,,,,,,,,,,,,,,,,,,,,,,,,,,,,,,,,,,,,,,,,,,,,,,,,,,,,,,,,,,,,,,,,,,,,,,,,,,,,,,,,,,,,,,,,,,,,,,,,,,,,,,,,,,,,,,,,,,,,,,,,,,,,,,,,,,,,,,,,,,,,,,,,,,,,,,,,,,,,,,
u4ia_log,Transaction,K9u8lirCSJa8PjYvOVxaUA,0.0,STARONE,abaf0595_3a9d_47b7_94e0_1d04f07db3e4,1620207360012,0,,SUCCESS,BANKING_POST_FUND_TRANSFER,,,,BROWSER,RETAIL,,0,,,,,,,,,WEB,,,,False,,,0.0,897B3,897B3,,,,,,,,,,,,,0.0,0.0,0.0,,cFBLMVRzTWN2cjhiVEw2MFNaRjZKUT09,TXVDTHJGbWthZ3dLVTdwLzYzcEdLQT09,SnI4UnJETUo2Tm4rS3B3V0VqS2hsdz09,cFBLMVRzTWN2cjhiVEw2MFNaRjZKUT09,35.0,Sched Xfer 05/05/2021 02:00:01 MEMO: Monthly Cell Phone Serv,Regular Deposit,Regular Deposit,N/A,897B3,DEFAULT,False,False,[],,,,,,,,,,,,,,,,,,,,,,,,,,,,,,,,,,,,,,,,,,,,,,,,,,,,,,,,,,,,,,,,,,,,,,,,,,,,,,,,,,,,,,,,,,,,,,,,,,,,,,,,,,,,,,,,,,,,,,,,,,,,,,,,,,,,,,,,,,,,,,,,,,,,,,,,,,,,,,,,,,,,,,,,,,,,,,,,,,,,,,,,,,,,,,,,,,,,,,,,,,,,,,,,,,,,,,,,,,,,,,,,,,,,,,,,,,,,,,,,,,,,,,,,,,,,,,,,,,,,,,,,,,,,,,,,,,,,,,,,,,,,,,,,,,,,,,,,,,,,,,,,,,,,,,,,,,,,,,,,,,,,,,,,,,,,,,,,,,,,,,,,,,,,,,,,,,,,,,,,,,,,,,,,,,,,,,,,,,,,,,,,,,,,,,,,,,,,,,,,,,,,,,,,,,,,,,,,,,,,,,,,,,,,,,,,,,,,
u4ia_log,Transaction,XDuMGMHEStOPAEL3r9IMfA,0.0,STARONE,2938ce1a_9a1f_4663_871e_741f80e131f0,1620207406262,0,,SUCCESS,BANKING_POST_FUND_TRANSFER,,,,BROWSER,RETAIL,,0,,,,,,,,,WEB,,,,False,,,0.0,A3E0E,A3E0E,,,,,,,,,,,,,0.0,0.0,0.0,,cFBLMVRzTWN2cjhiVEw2MFNaRjZKUT09,bEFITTF6K3hqTUN3WGh1UFZlZjJMZz09,bEFITTF6K3hqTUN3WGh1UFZlZjJMZz09,ZTRMdWtIRUNBU0I3TUhuRm5QSmM3QT09,1017.79,Sched Xfer 05/05/2021 02:00:01 MEMO: citi2xcostco,Share Draft,Regular Deposit,N/A,A3E0E,DEFAULT,False,False,[],,,,,,,,,,,,,,,,,,,,,,,,,,,,,,,,,,,,,,,,,,,,,,,,,,,,,,,,,,,,,,,,,,,,,,,,,,,,,,,,,,,,,,,,,,,,,,,,,,,,,,,,,,,,,,,,,,,,,,,,,,,,,,,,,,,,,,,,,,,,,,,,,,,,,,,,,,,,,,,,,,,,,,,,,,,,,,,,,,,,,,,,,,,,,,,,,,,,,,,,,,,,,,,,,,,,,,,,,,,,,,,,,,,,,,,,,,,,,,,,,,,,,,,,,,,,,,,,,,,,,,,,,,,,,,,,,,,,,,,,,,,,,,,,,,,,,,,,,,,,,,,,,,,,,,,,,,,,,,,,,,,,,,,,,,,,,,,,,,,,,,,,,,,,,,,,,,,,,,,,,,,,,,,,,,,,,,,,,,,,,,,,,,,,,,,,,,,,,,,,,,,,,,,,,,,,,,,,,,,,,,,,,,,,,,,,,,,,
u4ia_log,Transaction,r7BoqwQqR4SUG9DY4-_ysw,0.0,STARONE,87c82efd_d195_4d25_a5ac_be244e657e1f,1620207418409,0,,SUCCESS,BANKING_POST_FUND_TRANSFER,,,,BROWSER,RETAIL,,0,,,,,,,,,WEB,,,,False,,,0.0,C88F0,C88F0,,,,,,,,,,,,,0.0,0.0,0.0,,ZTRMdWtIRUNBU0I3TUhuRm5QSmM3QT09,eU1lQkdESmdBQk5LOXFxV09MWnQxZz09,eU1lQkdESmdBQk5LOXFxV09MWnQxZz09,aUdKQlpERWZTMVF6NWFzemNkVVpYZz09,500.0,Sched Xfer 05/05/2021 02:00:01,Regular Deposit,Share Draft,N/A,C88F0,DEFAULT,False,False,[],,,,,,,,,,,,,,,,,,,,,,,,,,,,,,,,,,,,,,,,,,,,,,,,,,,,,,,,,,,,,,,,,,,,,,,,,,,,,,,,,,,,,,,,,,,,,,,,,,,,,,,,,,,,,,,,,,,,,,,,,,,,,,,,,,,,,,,,,,,,,,,,,,,,,,,,,,,,,,,,,,,,,,,,,,,,,,,,,,,,,,,,,,,,,,,,,,,,,,,,,,,,,,,,,,,,,,,,,,,,,,,,,,,,,,,,,,,,,,,,,,,,,,,,,,,,,,,,,,,,,,,,,,,,,,,,,,,,,,,,,,,,,,,,,,,,,,,,,,,,,,,,,,,,,,,,,,,,,,,,,,,,,,,,,,,,,,,,,,,,,,,,,,,,,,,,,,,,,,,,,,,,,,,,,,,,,,,,,,,,,,,,,,,,,,,,,,,,,,,,,,,,,,,,,,,,,,,,,,,,,,,,,,,,,,,,,,,,
u4ia_log,Transaction,R3FaMe_GRmGPdCwMyiQ_Rw,0.0,STARONE,1c44f017_df9a_424d_9ce5_7a19e05053e8,1620207434648,0,,SUCCESS,BANKING_POST_FUND_TRANSFER,,,,BROWSER,RETAIL,,0,,,,,,,,,WEB,,,,False,,,0.0,0A570,0A570,,,,,,,,,,,,,0.0,0.0,0.0,,cFBLMVRzTWN2cjhiVEw2MFNaRjZKUT09,Y2U1OWMzSnBsQVFLZlAxOUpzVnJjQT09,Y2U1OWMzSnBsQVFLZlAxOUpzVnJjQT09,dndOMHIxUG9zWjdUREtMbHFuWmF0UT09,2855.15,Sched Xfer 05/05/2021 02:00:01 MEMO: updated,Regular Deposit,Regular Deposit,N/A,0A570,DEFAULT,False,False,[],,,,,,,,,,,,,,,,,,,,,,,,,,,,,,,,,,,,,,,,,,,,,,,,,,,,,,,,,,,,,,,,,,,,,,,,,,,,,,,,,,,,,,,,,,,,,,,,,,,,,,,,,,,,,,,,,,,,,,,,,,,,,,,,,,,,,,,,,,,,,,,,,,,,,,,,,,,,,,,,,,,,,,,,,,,,,,,,,,,,,,,,,,,,,,,,,,,,,,,,,,,,,,,,,,,,,,,,,,,,,,,,,,,,,,,,,,,,,,,,,,,,,,,,,,,,,,,,,,,,,,,,,,,,,,,,,,,,,,,,,,,,,,,,,,,,,,,,,,,,,,,,,,,,,,,,,,,,,,,,,,,,,,,,,,,,,,,,,,,,,,,,,,,,,,,,,,,,,,,,,,,,,,,,,,,,,,,,,,,,,,,,,,,,,,,,,,,,,,,,,,,,,,,,,,,,,,,,,,,,,,,,,,,,,,,,,,,,
u4ia_log,Transaction,mNyaqnMvSmOybizrHAaIJQ,0.0,STARONE,c5ad5d72_1c8a_4d0e_b498_1e20c7585f9b,1620207437026,0,,SUCCESS,BANKING_POST_FUND_TRANSFER,,,,BROWSER,RETAIL,,0,,,,,,,,,WEB,,,,False,,,0.0,413DA,413DA,,,,,,,,,,,,,0.0,0.0,0.0,,ZTRMdWtIRUNBU0I3TUhuRm5QSmM3QT09,OFQrUXVoeUZNaktySStDQVlwenlaZz09,a0lkcFBhbExOb3lyZVRJeXRwS2FqZz09,cFBLMVRzTWN2cjhiVEw2MFNaRjZKUT09,5.0,Sched Xfer 05/05/2021 02:00:01 MEMO: Transfer Memo: from Dad and Mom,Regular Deposit,Share Draft,N/A,413DA,DEFAULT,False,False,[],,,,,,,,,,,,,,,,,,,,,,,,,,,,,,,,,,,,,,,,,,,,,,,,,,,,,,,,,,,,,,,,,,,,,,,,,,,,,,,,,,,,,,,,,,,,,,,,,,,,,,,,,,,,,,,,,,,,,,,,,,,,,,,,,,,,,,,,,,,,,,,,,,,,,,,,,,,,,,,,,,,,,,,,,,,,,,,,,,,,,,,,,,,,,,,,,,,,,,,,,,,,,,,,,,,,,,,,,,,,,,,,,,,,,,,,,,,,,,,,,,,,,,,,,,,,,,,,,,,,,,,,,,,,,,,,,,,,,,,,,,,,,,,,,,,,,,,,,,,,,,,,,,,,,,,,,,,,,,,,,,,,,,,,,,,,,,,,,,,,,,,,,,,,,,,,,,,,,,,,,,,,,,,,,,,,,,,,,,,,,,,,,,,,,,,,,,,,,,,,,,,,,,,,,,,,,,,,,,,,,,,,,,,,,,,,,,,,
u4ia_log,Transaction,WszzbY9MQYGwcGiOtJctOg,0.0,STARONE,d678bb12_766a_4954_8c25_ae05e3db5ca3,1620207448101,0,,SUCCESS,BANKING_POST_FUND_TRANSFER,,,,BROWSER,RETAIL,,0,,,,,,,,,WEB,,,,False,,,0.0,96912,96912,,,,,,,,,,,,,0.0,0.0,0.0,,ZTRMdWtIRUNBU0I3TUhuRm5QSmM3QT09,NG5EaHlQd1hpeDFrRjVuOVdJOG55UT09,NG5EaHlQd1hpeDFrRjVuOVdJOG55UT09,cFBLMVRzTWN2cjhiVEw2MFNaRjZKUT09,25.0,Sched Xfer 05/05/2021 02:00:01 MEMO: Annual Expenses,Regular Deposit,Share Draft,N/A,96912,DEFAULT,False,False,[],,,,,,,,,,,,,,,,,,,,,,,,,,,,,,,,,,,,,,,,,,,,,,,,,,,,,,,,,,,,,,,,,,,,,,,,,,,,,,,,,,,,,,,,,,,,,,,,,,,,,,,,,,,,,,,,,,,,,,,,,,,,,,,,,,,,,,,,,,,,,,,,,,,,,,,,,,,,,,,,,,,,,,,,,,,,,,,,,,,,,,,,,,,,,,,,,,,,,,,,,,,,,,,,,,,,,,,,,,,,,,,,,,,,,,,,,,,,,,,,,,,,,,,,,,,,,,,,,,,,,,,,,,,,,,,,,,,,,,,,,,,,,,,,,,,,,,,,,,,,,,,,,,,,,,,,,,,,,,,,,,,,,,,,,,,,,,,,,,,,,,,,,,,,,,,,,,,,,,,,,,,,,,,,,,,,,,,,,,,,,,,,,,,,,,,,,,,,,,,,,,,,,,,,,,,,,,,,,,,,,,,,,,,,,,,,,,,,
u4ia_log,Transaction,oWt86v2wTtqbCdYewnpaLg,0.0,STARONE,b8eb61a6_6534_4d28_8b3c_e1ae5debad67,1620207496033,11006,,SUCCESS,Authentication_SQNA,9.1.0.236,216.34.61.40,bfaf0ff0b75a49e685482ea15cca9046,BROWSER,RETAIL,,0,,,,,N/A,FJZIqCBp4qcMM57KGu24wFAZRJGBd3aZ5KvPymHVl4U=,,,WEB,N/A,COMPUTER,"Mozilla/5.0 (X11; Linux x86_64) AppleWebKit/537.36 (KHTML, like Gecko) Chrome/43.0.2357.125 Safari/537.36",,,,0.0,,,,,,,,a1ZZVzh2WU0xS2ZlTm5DQmdmbVR3Zz09,c0swak9jbUhOQmVlamlWY1dFVVNCZz09,dVIxVml6REVGd2xMMHJ2ZlVaR0tUZz09,dFF2eTJoN254N0QyeC9yUlEwSUpRQT09,bUtxYzlDd3VhbnAzRHZNTUlkR3B2WmR2VG1kL09DZzk2SjR3UnpwSllxUT0=,,,,,,,,,,,,,,,,,,,,,,,,,,,,,,,,,,,,,,,,,,,,,,,,,,,,,,,,,,,,,,,,,,,,,,,,,,,,,,,,,,,,,,,,,,,,,,,,,,,,,,,,,,,,,,,,,,,,,,,,,,,,,,,,,,,,,,,,,,,,,,,,,,,,,,,,,,,,,,,,,,,,,,,,,,,,,,,,,MEMBER,,,,,,,,,,,,,,,,,,,,,,,,,,,,,,,,,,,,,,,,,,,,,,,,,,,,,,,,,,,,,,,,,,,,,,,,,,,,,,,,,,,,,,,,,,,,,,,,,,,,,,,,,,,,,,,,,,,,,,,,,,,,,,,,,,,,,,,,,,,,,,,,,,,,,,,,,,,,,,,,,,,,,,,,,,,,,,,,,,,,,,,,,,,,,,,,,,,,,,,,,,,,,,,,,,,,,,,,,,,,,,,,,,,,,,,,,,,,,,,,,,,,,,,,,,,,,,,,,,,,,,,,,,,,,,,,,,,,,,,
u4ia_log,Transaction,C5uu0A03QHS1SvbPYUuOWw,0.0,STARONE,f4439ce6_a111_4205_98dd_27322dc4c820,1620207507224,0,,SUCCESS,BANKING_POST_FUND_TRANSFER,,,,BROWSER,RETAIL,,0,,,,,,,,,WEB,,,,False,,,0.0,9194A,9194A,,,,,,,,,,,,,0.0,0.0,0.0,,ZTRMdWtIRUNBU0I3TUhuRm5QSmM3QT09,MVVBbUtsdUtYbXNFK1JkOG1VbzRjdz09,TGxBdVF6U3FPWFRROVJsNDVVdHRwQT09,cFBLMVRzTWN2cjhiVEw2MFNaRjZKUT09,100.0,Sched Xfer 05/05/2021 02:00:01 MEMO: college fund,Regular Deposit,Share Draft,N/A,9194A,DEFAULT,False,False,[],,,,,,,,,,,,,,,,,,,,,,,,,,,,,,,,,,,,,,,,,,,,,,,,,,,,,,,,,,,,,,,,,,,,,,,,,,,,,,,,,,,,,,,,,,,,,,,,,,,,,,,,,,,,,,,,,,,,,,,,,,,,,,,,,,,,,,,,,,,,,,,,,,,,,,,,,,,,,,,,,,,,,,,,,,,,,,,,,,,,,,,,,,,,,,,,,,,,,,,,,,,,,,,,,,,,,,,,,,,,,,,,,,,,,,,,,,,,,,,,,,,,,,,,,,,,,,,,,,,,,,,,,,,,,,,,,,,,,,,,,,,,,,,,,,,,,,,,,,,,,,,,,,,,,,,,,,,,,,,,,,,,,,,,,,,,,,,,,,,,,,,,,,,,,,,,,,,,,,,,,,,,,,,,,,,,,,,,,,,,,,,,,,,,,,,,,,,,,,,,,,,,,,,,,,,,,,,,,,,,,,,,,,,,,,,,,,,,
u4ia_log,Transaction,jHC6ZWkjRFaC4OF2gSFDpA,0.0,STARONE,b8eb61a6_6534_4d28_8b3c_e1ae5debad67,1620207511162,0,,SUCCESS,E_STATEMENT_NOTICE_GET_DETAIL,9.1.0.236,216.34.61.40,bfaf0ff0b75a49e685482ea15cca9046,BROWSER,RETAIL,MEMBER,0,,,,,N/A,FJZIqCBp4qcMM57KGu24wFAZRJGBd3aZ5KvPymHVl4U=,Linux,,WEB,N/A,COMPUTER,"Mozilla/5.0 (X11; Linux x86_64) AppleWebKit/537.36 (KHTML, like Gecko) Chrome/43.0.2357.125 Safari/537.36",False,,,0.0,,,,,,,,a1ZZVzh2WU0xS2ZlTm5DQmdmbVR3Zz09,c0swak9jbUhOQmVlamlWY1dFVVNCZz09,dVIxVml6REVGd2xMMHJ2ZlVaR0tUZz09,bFlLb3NNUlZBNUVyaWk0ck9jUHpadz09,bUtxYzlDd3VhbnAzRHZNTUlkR3B2WmR2VG1kL09DZzk2SjR3UnpwSllxUT0=,dW5yc05HMDE3YUJ2RU91QU5hRXhJZz09,d2VwbTdaZ3k2N2ZVSkhnWGJpZVRZQT09,,,,,,,,,,,,,,,,,,,,,,,,,,,,,,,,,,,,,,,,,,,,,,,,,,,,,,,,,,,,,,,,,,,,,,,,,,,,,,,,,,,,,,,,,,,,,,,,,,,,,,,,,,,,,,,,,,,,,,,,,,,,,,,,,,,,,,,,,,,,,,,,,,,,,,,,,,,,,,,,,,,,,,,,,,,,,,,,,,,,,,,,,,,,,,,,,,,,,,,,,,,,,,,,,,,,,,,,,,,,,,,,,,,,,,,,,,,,,,,,,,,,,,,,,,,,,,,,,,,,,,,,,,,,,,,,,,,,,,,,,,,,,,,,,,,,,,,,,,,,,,,,,,,,,,,,,,,,,,,,,,,,,,,,,,,,,,,,,,,,,,,,,,,,,,,,,,,,,,,,,,,,,,,,,,,,,,,,,,,,,,,,,,,,,,,,,,,,,,,,,,,,,,,,,,,,,,,,,,,,,,,,,,,,,,,,,,,,,,,,,,,,,,,,,,,,,,
u4ia_log,Transaction,c7iILjjNR-6HniWtOnSibA,0.0,STARONE,b8eb61a6_6534_4d28_8b3c_e1ae5debad67,1620207515622,0,A request to get the address was attempted by an individual with the User ID = ******be. Status: SUCCESS,SUCCESS,BANKING_GET_MEMBERS_ADDRESS_DETAILS,9.1.0.236,216.34.61.40,bfaf0ff0b75a49e685482ea15cca9046,BROWSER,RETAIL,MEMBER,0,,,,,N/A,FJZIqCBp4qcMM57KGu24wFAZRJGBd3aZ5KvPymHVl4U=,Linux,,WEB,N/A,COMPUTER,"Mozilla/5.0 (X11; Linux x86_64) AppleWebKit/537.36 (KHTML, like Gecko) Chrome/43.0.2357.125 Safari/537.36",False,,,0.0,,,,,,,,a1ZZVzh2WU0xS2ZlTm5DQmdmbVR3Zz09,c0swak9jbUhOQmVlamlWY1dFVVNCZz09,dVIxVml6REVGd2xMMHJ2ZlVaR0tUZz09,bFlLb3NNUlZBNUVyaWk0ck9jUHpadz09,bUtxYzlDd3VhbnAzRHZNTUlkR3B2WmR2VG1kL09DZzk2SjR3UnpwSllxUT0=,dW5yc05HMDE3YUJ2RU91QU5hRXhJZz09,d2VwbTdaZ3k2N2ZVSkhnWGJpZVRZQT09,,,,,,,,,,,,,,,,,,,,,,,,,,,,,,,,,,,,,,,,,,,,,,,,,,,,,,,,,,,,,,,,,,,,,,,,,,,,,,,,,,,,,,,,,,,,,,,,,,,,,,,,,,,,,,,,,,,,,,,,,,,,,,,,,,,,,,,,,,,,,,,,,,,,,,,,,,,,,,,,,,,,,,,,,,,,,,,,,,,,,,,,,,,,,,,,,,,,,,,,,,,,,,,,,,,,,,,,,,,,,,,,,,,,,,,,,,,,,,,,,,,,,,,,,,,,,,,,,,,,,,,,,,,,,,,,,,,,,,,,,,,,,,,,,,,,,,,,,,,,,,,,,,,,,,,,,,,,,,,,,,,,,,,,,,,,,,,,,,,,,,,,,,,,,,,,,,,,,,,,,,,,,,,,,,,,,,,,,,,,,,,,,,,,,,,,,,,,,,,,,,,,,,,,,,,,,,,,,,,,,,,,,,,,,,,,,,,,,,,,,,,,,,,,,,,,,,
u4ia_log,Transaction,E1H3no_nSYevOL1mGEGndQ,0.0,STARONE,c5973636_8e75_4cf6_9c63_057f5524d250,1620207519438,0,,SUCCESS,BANKING_POST_FUND_TRANSFER,,,,BROWSER,RETAIL,,0,,,,,,,,,WEB,,,,False,,,0.0,B9BAC,B9BAC,,,,,,,,,,,,,0.0,0.0,0.0,,ZTRMdWtIRUNBU0I3TUhuRm5QSmM3QT09,WWo1Znp6UXJkdDkwL2ZBd0lYUXNtQT09,ZHRwZ1RQbDZIMGV4SW9zdzdPdDA5dz09,ZTRMdWtIRUNBU0I3TUhuRm5QSmM3QT09,4000.0,Sched Xfer 05/05/2021 02:00:01 MEMO: 2000x2 checks,Share Draft,Share Draft,N/A,B9BAC,DEFAULT,False,False,[],,,,,,,,,,,,,,,,,,,,,,,,,,,,,,,,,,,,,,,,,,,,,,,,,,,,,,,,,,,,,,,,,,,,,,,,,,,,,,,,,,,,,,,,,,,,,,,,,,,,,,,,,,,,,,,,,,,,,,,,,,,,,,,,,,,,,,,,,,,,,,,,,,,,,,,,,,,,,,,,,,,,,,,,,,,,,,,,,,,,,,,,,,,,,,,,,,,,,,,,,,,,,,,,,,,,,,,,,,,,,,,,,,,,,,,,,,,,,,,,,,,,,,,,,,,,,,,,,,,,,,,,,,,,,,,,,,,,,,,,,,,,,,,,,,,,,,,,,,,,,,,,,,,,,,,,,,,,,,,,,,,,,,,,,,,,,,,,,,,,,,,,,,,,,,,,,,,,,,,,,,,,,,,,,,,,,,,,,,,,,,,,,,,,,,,,,,,,,,,,,,,,,,,,,,,,,,,,,,,,,,,,,,,,,,,,,,,,
u4ia_log,Transaction,S3BfNV03TCGga8_tJByBJg,0.0,STARONE,33fe2816_a2e7_44de_98fb_2003b20b7b45,1620207521237,0,,SUCCESS,BANKING_POST_FUND_TRANSFER,,,,BROWSER,RETAIL,,0,,,,,,,,,WEB,,,,False,,,0.0,BEA59,BEA59,,,,,,,,,,,,,0.0,0.0,0.0,,WGNPOEhpOGkydmp6Tm9yK01HNFIyQT09,cHNnUWlVcUNESVh1ZVF2Q2ZjMlc0UT09,cHNnUWlVcUNESVh1ZVF2Q2ZjMlc0UT09,cFBLMVRzTWN2cjhiVEw2MFNaRjZKUT09,1000.0,Sched Xfer 05/05/2021 02:00:01,Regular Deposit,Line Of Credit,N/A,BEA59,DEFAULT,False,False,[],,,,,,,,,,,,,,,,,,,,,,,,,,,,,,,,,,,,,,,,,,,,,,,,,,,,,,,,,,,,,,,,,,,,,,,,,,,,,,,,,,,,,,,,,,,,,,,,,,,,,,,,,,,,,,,,,,,,,,,,,,,,,,,,,,,,,,,,,,,,,,,,,,,,,,,,,,,,,,,,,,,,,,,,,,,,,,,,,,,,,,,,,,,,,,,,,,,,,,,,,,,,,,,,,,,,,,,,,,,,,,,,,,,,,,,,,,,,,,,,,,,,,,,,,,,,,,,,,,,,,,,,,,,,,,,,,,,,,,,,,,,,,,,,,,,,,,,,,,,,,,,,,,,,,,,,,,,,,,,,,,,,,,,,,,,,,,,,,,,,,,,,,,,,,,,,,,,,,,,,,,,,,,,,,,,,,,,,,,,,,,,,,,,,,,,,,,,,,,,,,,,,,,,,,,,,,,,,,,,,,,,,,,,,,,,,,,,,
u4ia_log,Transaction,rXSHMWo9SAC67MHGzH30Zw,0.0,STARONE,6392fb73_0ab5_4c41_b627_b9a4802b119f,1620207523553,0,,SUCCESS,BANKING_POST_FUND_TRANSFER,,,,BROWSER,RETAIL,,0,,,,,,,,,WEB,,,,False,,,0.0,C66EB,C66EB,,,,,,,,,,,,,0.0,0.0,0.0,,ZTRMdWtIRUNBU0I3TUhuRm5QSmM3QT09,TTlFQnZjbWFlNnRzWm1tWVlmUENxdz09,eUVkL3B4TkJHOGFpbVExYjhNeG1NUT09,cFBLMVRzTWN2cjhiVEw2MFNaRjZKUT09,500.0,Sched Xfer 05/05/2021 02:00:01,Regular Deposit,Share Draft,N/A,C66EB,DEFAULT,False,False,[],,,,,,,,,,,,,,,,,,,,,,,,,,,,,,,,,,,,,,,,,,,,,,,,,,,,,,,,,,,,,,,,,,,,,,,,,,,,,,,,,,,,,,,,,,,,,,,,,,,,,,,,,,,,,,,,,,,,,,,,,,,,,,,,,,,,,,,,,,,,,,,,,,,,,,,,,,,,,,,,,,,,,,,,,,,,,,,,,,,,,,,,,,,,,,,,,,,,,,,,,,,,,,,,,,,,,,,,,,,,,,,,,,,,,,,,,,,,,,,,,,,,,,,,,,,,,,,,,,,,,,,,,,,,,,,,,,,,,,,,,,,,,,,,,,,,,,,,,,,,,,,,,,,,,,,,,,,,,,,,,,,,,,,,,,,,,,,,,,,,,,,,,,,,,,,,,,,,,,,,,,,,,,,,,,,,,,,,,,,,,,,,,,,,,,,,,,,,,,,,,,,,,,,,,,,,,,,,,,,,,,,,,,,,,,,,,,,,
u4ia_log,Transaction,fG7auGmHRj235cvypfRYNQ,0.0,STARONE,02286e00_8d96_4239_8cfb_3539b6fc7850,1620207536525,11004,,FAILURE,Authentication_PWD,9.1.0.236,73.12.184.22,bd41303ae6d540369e177dcb58f4eda2,BROWSER,RETAIL,,0,,,,,N/A,r8NzxK3Qiwf5+xXLw0mkptypmyY8YUd+nD9/R9c3G/g=,,,WEB,10.0,COMPUTER,"Mozilla/5.0 (Windows NT 10.0; Win64; x64) AppleWebKit/537.36 (KHTML, like Gecko) Chrome/90.0.4430.93 Safari/537.36",,,,0.0,,,,,,,,VGpZbVdlT0xxZkFUZGJuWjB1UUxPQT09,ams4bnNpaTF3WDFyZUVBMzN4QVhZdz09,M3J2SGZ4NnhSV3VhTWduWExlcjJWdz09,dUN2UlIrWXNodTR1S3JETGlMcytWZz09,,,,,,,,,,,,,,,,,,,,,,,,,,,,,,,,,,,,,,,,,,,,,,,,,,,,,,,,,,,,,,,,,,,,,,,,,,,,,,,,,,,,,,,,,,,,,,,,,,,,,,,,,,,,,,,,,,,,,,,,,,,,,,,,,,,,,,,,,,,,,,,,,,,,,,,,,,,,,,,,,,,,,,,,,,,,,,,,,,MEMBER,,,,,,,,,,,,,,,,,,,,,,,,,,,,,,,,,,,,,,,,,,,,,,,,,,,,,,,,,,,,,,,,,,,,,,,,,,,,,,,,,,,,,,,,,,,,,,,,,,,,,,,,,,,,,,,,,,,,,,,,,,,,,,,,,,,,,,,,,,,,,,,,,,,,,,,,,,,,,,,,,,,,,,,,,,,,,,,,,,,,,,,,,,,,,,,,,,,,,,,,,,,,,,,,,,,,,,,,,,,,,,,,,,,,,,,,,,,,,,,,,,,,,,,,,,,,,,,,,,,,,,,,,,,,,,,,,,,,,,,
